Map1,Map2,Choice,MapVote,Date,FullPartial,Result,Eliminations,Deaths,Score,Damage,TotalXP,PrimaryWeapon,XPType,DidPlayerVote,GameType,Confirms,Denies,Objectives,ObjectiveKills,Captures,Diffuses,Plants,Detonates,Deposits,Time_Sec,Time_Min
Moscow,Miami Strike,Miami Strike,5 to 0,6/6/22,Full,100-97,22,17,4070,634,11002,M16,10% Boost,No,HC - TDM,,,,,,,,,,,
Moscow,WMD,Moscow,2 to 0,6/6/22,Full,76-89,20,15,5305,560,9451,M16,10% Boost,No,HC - TDM,,,,,,,,,,,
,,Yamantau,,6/6/22,Full,100-92,18,11,3335,483,12948,M16,10% Boost,No,HC - TDM,,,,,,,,,,,
Drive-In,Jungle,Drive-In,2 to 0,6/6/22,Full,80-100,10,19,2170,280,11502,M16,Double XP + 10%,No,HC - TDM,,,,,,,,,,,
Collateral Strike,Hijacked,Collateral Strike,3 to 3,6/6/22,Full,71-100,11,19,2195,308,11133,M16,Double XP + 10%,No,HC - TDM,,,,,,,,,,,
Crossroads Strike,Raid,Raid,4 to 3,6/6/22,Full,85-100,7,18,850,196,10077,M16,Double XP + 10%,No,HC - TDM,,,,,,,,,,,
,,WMD,,6/6/22,Full,86-100,10,21,2240,259,8527,M16,10% Boost,No,HC - TDM,,,,,,,,,,,
The Pines,Standoff,Standoff,5 to 1,6/6/22,Full,100-70,18,14,3505,504,16703,M16,Double XP + 10%,No,HC - TDM,,,,,,,,,,,
,,Crossroads Strike,,6/12/22,Partial,65-52,4,4,965,111,7778,M16,10% Boost,No,HC - Kill Confirmed,5,1,6,,,,,,,,
Echelon,Deprogram,Deprogram,1 to 0,6/12/22,Full,46-65,11,23,1985,304,10404,M16,10% Boost,No,HC - Kill Confirmed,8,4,12,,,,,,,,
Nuketown '84,Hijacked,Nuketown '84,1 to 1,6/12/22,Full,47-65,23,12,3400,617,9516,M16,10% Boost,No,HC - Kill Confirmed,8,9,17,,,,,,,,
Jungle,Hijacked,Jungle,1 to 0,6/13/22,Full,100-94,10,11,1460,306,9783,M16,10% Boost,No,HC - TDM,,,,,,,,,,,
Rush,Cartel,Rush,1 to 1,6/13/22,Full,100-90,11,20,1550,332,6545,M16,10% Boost,No,HC - TDM,,,,,,,,,,,
WMD,Standoff,Standoff,3 to 1,6/13/22,Full,100-77,17,12,3765,476,9281,M16,10% Boost,No,HC - TDM,,,,,,,,,,,
Diesel,Raid,Raid,4 to 2,6/13/22,Full,100-98,14,12,2910,371,8518,M16,10% Boost,No,HC - TDM,,,,,,,,,,,
,,Miami Strike,,6/18/22,Full,250-210,14,34,2025,392,10419,M16,10% Boost,No,HC - Hardpoint,,,,6,,,,,,45,1
Zoo,Apocalypse,Zoo,0 to 0,6/18/22,Full,250-207,13,42,2045,359,8468,M16,10% Boost,No,HC - Hardpoint,,,,10,,,,,,5,2
,,Nuketown '84,,6/18/22,Full,250-143,7,17,1550,192,8465,M16,10% Boost,No,HC - Hardpoint,,,,5,,,,,,22,2
Slums,Crossroads Strike,Crossroads Strike,1 to 0,6/18/22,Full,250-54,10,15,1760,224,5438,M16,10% Boost,No,HC - Hardpoint,,,,7,,,,,,0,2
Slums,Drive-In,Slums,1 to 1,6/18/22,Full,214-250,19,26,3260,502,11806,M16,10% Boost,No,HC - Hardpoint,,,,11,,,,,,9,2
Rush,Zoo,Rush,2 to 2,6/18/22,Full,100-99,13,12,1915,344,7273,M16,10% Boost,No,HC - TDM,,,,,,,,,,,
,,Echelon,,6/18/22,Full,77-98,17,13,3490,461,9039,M16,10% Boost,No,HC - TDM,,,,,,,,,,,
,,Garrison,,6/18/22,Partial,100-67,4,5,575,89,8278,M16,10% Boost,No,HC - TDM,,,,,,,,,,,
Cartel,Deprogram,Cartel,2 to 2,6/18/22,Full,53-62,5,13,650,140,4791,M16,10% Boost,No,HC - TDM,,,,,,,,,,,
Express,Standoff,Express,3 to 1,6/18/22,Full,100-96,15,15,3615,377,13776,M16,10% Boost,No,HC - TDM,,,,,,,,,,,
,,Crossroads Strike,,6/18/22,Partial,100-71,4,4,800,97,7009,M16,10% Boost,No,HC - TDM,,,,,,,,,,,
The Pines,Slums,The Pines,5 to 1,6/18/22,Full,89-100,13,16,2630,363,7255,M16,10% Boost,No,HC - TDM,,,,,,,,,,,
Jungle,Raid,Raid,5 to 0,6/18/22,Full,88-100,13,18,2695,359,6558,M16,10% Boost,No,HC - TDM,,,,,,,,,,,
Cartel,Moscow,Moscow,1 to 0,6/18/22,Full,88-82,17,18,3120,461,9166,M16,10% Boost,No,HC - TDM,,,,,,,,,,,
Deprogram,Yamantau,Yamantau,2 to 1,6/18/22,Full,100-54,20,12,3650,490,13910,M16,10% Boost,No,HC - TDM,,,,,,,,,,,
Rush,Express,Rush,4 to 2,6/19/22,Full,65-100,8,16,1100,203,9207,M16,Double XP + 10%,No,HC - TDM,,,,,,,,,,,
Apocalypse,Yamantau,Apocalypse,7 to 1,6/19/22,Full,100-92,12,16,2650,335,13688,M16,Double XP + 10%,No,HC - TDM,,,,,,,,,,,
Deprogram,Collateral Strike,Collateral Strike,5 to 1,6/19/22,Full,100-96,18,9,3350,504,21564,M16,Double XP + 10%,No,HC - TDM,,,,,,,,,,,
Crossroads Strike,Slums,Crossroads Strike,4 to 0,6/19/22,Full,117-200,21,26,3290,593,13830,M16,Double XP + 10%,No,HC - Domination,,,16,13,3,,,,,,
Zoo,Rush,Zoo,1 to 1,6/19/22,Full,140-200,16,18,3250,429,16876,M16,Double XP + 10%,No,HC - Domination,,,11,6,5,,,,,,
Cartel,Garrison,Cartel,2 to 2,6/19/22,Full,200-200,19,20,3550,549,22126,M16,Double XP + 10%,No,HC - Domination,,,16,10,6,,,,,,
The Pines,Crossroads Strike,Crossroads Strike,5 to 1,6/19/22,Full,74-100,18,14,5295,493,12942,M16,Double XP + 10%,No,HC - TDM,,,,,,,,,,,
Express,Slums,Slums,4 to 3,6/19/22,Full,71-100,20,18,3290,552,15106,MP5,Double XP + 10%,No,HC - TDM,,,,,,,,,,,
Apocalypse,Crossroads Strike,Crossroads Strike,4 to 2,6/19/22,Full,71-100,8,15,1450,207,9804,MP5,Double XP + 10%,No,HC - TDM,,,,,,,,,,,
Apocalypse,Drive-In,Drive-In,3 to 1,6/19/22,Full,100-94,12,17,1615,383,13784,MP5,Double XP + 10%,No,HC - TDM,,,,,,,,,,,
Miami Strike,Diesel,Miami Strike,2 to 1,6/19/22,Full,100-75,22,13,4250,616,13393,MP5,Double XP + 10%,No,HC - TDM,,,,,,,,,,,
,,Raid,,6/19/22,Full,70-100,15,17,3350,407,15692,MP5,Double XP + 10%,No,HC - TDM,,,,,,,,,,,
Rush,Diesel,Diesel,4 to 0,6/19/22,Full,81-100,10,24,1000,292,17553,MP5,Double XP + 10%,No,HC - TDM,,,,,,,,,,,
The Pines,Amerika,Amerika,3 to 1,6/19/22,Full,100-96,16,15,2670,448,17683,M16,Double XP + 10%,No,HC - TDM,,,,,,,,,,,
Collateral Strike,Echelon,Collateral Strike,5 to 0,6/20/22,Full,97-100,13,12,1970,404,11473,MP5,Double XP + 10%,No,HC - TDM,,,,,,,,,,,
Rush,Express,Express,3 to 2,6/20/22,Full,100-92,23,15,4305,668,20040,MP5,Double XP + 10%,No,HC - TDM,,,,,,,,,,,
Raid,Deprogram,Raid,5 to 0,6/20/22,Full,91-100,8,13,1380,224,10061,MP5,Double XP + 10%,No,HC - TDM,,,,,,,,,,,
Nuketown '84,Apocalypse,Nuketown '84,5 to 1,6/20/22,Full,78-100,12,12,2665,356,8772,MP5,Double XP + 10%,No,HC - TDM,,,,,,,,,,,
Garrison,Crossroads Strike,Crossroads Strike,5 to 1,6/20/22,Full,100-93,21,21,3540,635,14785,MP5,Double XP + 10%,No,HC - TDM,,,,,,,,,,,
,,Rush,,6/20/22,Full,100-78,13,13,2310,343,13279,MP5,Double XP + 10%,No,HC - TDM,,,,,,,,,,,
Crossroads Strike,Slums,Slums,5 to 0,6/20/22,Full,100-75,14,15,3215,392,17427,M16,Double XP + 10%,No,HC - TDM,,,,,,,,,,,
Cartel,Yamantau,Yamantau,2 to 0,6/20/22,Full,100-84,14,14,2425,378,15729,M16,Double XP + 10%,No,HC - TDM,,,,,,,,,,,
WMD,Zoo,Zoo,1 to 0,6/20/22,Full,100-99,19,15,3705,532,20946,M16,Double XP + 10%,No,HC - TDM,,,,,,,,,,,
Apocalypse,Miami Strike,Miami Strike,6 to 1,6/20/22,Full,97-100,16,9,2770,448,10317,M16,Double XP + 10%,No,HC - TDM,,,,,,,,,,,
The Pines,Collateral Strike,Collateral Strike,4 to 0,6/20/22,Full,87-100,23,13,5950,592,15943,M16,Double XP + 10%,No,HC - TDM,,,,,,,,,,,
,,Checkmate,,6/20/22,Full,100-61,10,10,2905,280,14403,M16,Double XP + 10%,No,HC - TDM,,,,,,,,,,,
Amerika,Crossroads Strike,Amerika,3 to 2,6/20/22,Full,100-95,6,17,1330,168,11944,M16,Double XP + 10%,No,HC - TDM,,,,,,,,,,,
Garrison,Slums,Slums,6 to 1,6/20/22,Full,96-100,15,11,3315,416,12735,M16,Double XP + 10%,No,HC - TDM,,,,,,,,,,,
,,Cartel,,6/20/22,Partial,60-75,14,9,2720,352,9610,M16,Double XP + 10%,No,HC - TDM,,,,,,,,,,,
Standoff,Nuketown '84,Nuketown '84,4 to 2,6/20/22,Full,100-93,24,10,6150,654,33645,M16,Double XP + 10%,No,HC - TDM,,,,,,,,,,,
,,Crossroads Strike,,6/20/22,Full,83-100,12,19,2110,280,6383,MP5,10% Boost,No,HC - TDM,,,,,,,,,,,
Crossroads Strike,Amerika,Crossroads Strike,2 to 1,6/21/22,Full,100-76,19,10,2695,532,9660,MP5,Double XP + 10%,No,HC - TDM,,,,,,,,,,,
Yamantau,Apocalypse,Apocalypse,3 to 1,6/21/22,Full,93-100,27,10,6110,755,22662,MP5,Double XP + 10%,No,HC - TDM,,,,,,,,,,,
Checkmate,Moscow,Checkmate,3 to 0,6/21/22,Full,59-100,9,19,1505,290,12783,MP5,Double XP + 10%,No,HC - TDM,,,,,,,,,,,
Zoo,WMD,WMD,6 to 0,6/21/22,Full,100-70,8,13,1070,224,11947,MP5,Double XP + 10%,No,HC - TDM,,,,,,,,,,,
Yamantau,Standoff,Standoff,4 to 2,6/21/22,Full,67-100,13,16,2650,364,13341,AK-47,Double XP + 10%,No,HC - TDM,,,,,,,,,,,
,,Drive-In,,6/21/22,Full,79-95,20,8,5405,552,11833,AK-47,Double XP + 10%,No,HC - TDM,,,,,,,,,,,
Apocalypse,Collateral Strike,Collateral Strike,5 to 2,6/21/22,Full,100-74,14,15,2210,392,17576,AK-47,Double XP + 10%,No,HC - TDM,,,,,,,,,,,
Zoo,Rush,Rush,3 to 2,6/24/22,Full,100-87,14,10,2420,435,11546,MP5,10% Boost,No,HC - TDM,,,,,,,,,,,
Hijacked,Crossroads Strike,Hijacked,2 to 1,6/24/22,Full,100-80,13,8,2910,412,6995,MP5,10% Boost,No,HC - TDM,,,,,,,,,,,
,,Slums,,6/26/22,Partial,98-100,14,6,5540,388,7373,MP5,10% Boost,No,HC - TDM,,,,,,,,,,,
Express,Diesel,Diesel,4 to 2,6/26/22,Full,85-100,12,17,1820,313,5739,MP5,10% Boost,No,HC - TDM,,,,,,,,,,,
Deprogram,Yamantau,Yamantau,3 to 1,6/26/22,Full,100-70,12,12,2930,332,7160,MP5,10% Boost,No,HC - TDM,,,,,,,,,,,
Checkmate,Cartel,Checkmate,4 to 2,6/26/22,Full,79-100,4,16,500,121,3795,MP5,10% Boost,No,HC - TDM,,,,,,,,,,,
Moscow,Deprogram,Moscow,2 to 2,6/26/22,Full,100-51,27,8,5110,746,9795,MP5,10% Boost,No,HC - TDM,,,,,,,,,,,
Slums,Yamantau,Slums,3 to 1,6/26/22,Full,75-100,13,14,2825,415,11024,MP5,10% Boost,No,HC - TDM,,,,,,,,,,,
Apocalypse,Rush,Rush,2 to 1,6/26/22,Full,100-56,19,12,2720,507,7773,MP5,10% Boost,No,HC - TDM,,,,,,,,,,,
Collateral Strike,Cartel,Collateral Strike,3 to 0,6/29/22,Full,100-99,22,11,4725,621,26395,MP5,Double XP + 10%,No,HC - TDM,,,,,,,,,,,
,,Standoff,,6/30/22,Full,97-100,13,15,1540,388,8598,MP5,10% Boost,No,HC - TDM,,,,,,,,,,,
Checkmate,The Pines,Checkmate,3 to 1,6/30/22,Full,80-91,15,18,3175,509,8099,MP5,10% Boost,No,HC - TDM,,,,,,,,,,,
Zoo,Echelon,Echelon,3 to 0,6/30/22,Full,52-100,13,21,2005,342,5613,MP5,10% Boost,No,HC - TDM,,,,,,,,,,,
Diesel,Jungle,Diesel,2 to 0,6/30/22,Full,86-100,17,13,4620,475,13480,MP5,Double XP + 10%,No,HC - TDM,,,,,,,,,,,
Collateral Strike,Raid,Raid,4 to 0,6/30/22,Full,100-91,18,15,4115,551,16025,MP5,Double XP + 10%,No,HC - TDM,,,,,,,,,,,
Moscow,Rush,Rush,4 to 1,6/30/22,Full,100-71,35,12,7235,960,21120,MP5,Double XP + 10%,No,HC - TDM,,,,,,,,,,,
,,Checkmate,,7/1/22,Full,93-72,15,9,2240,411,11622,MP5,10% Boost,No,HC - TDM,,,,,,,,,,,
,,Crossroads Strike,,7/2/22,Full,55-100,18,18,2645,517,7334,MP5,10% Boost,No,HC - TDM,,,,,,,,,,,
Moscow,Apocalypse,Apocalypse,5 to 0,7/2/22,Full,85-100,10,21,1675,280,6035,MP5,10% Boost,No,HC - TDM,,,,,,,,,,,
Rush,Collateral Strike,Rush,1 to 0,7/2/22,Full,100-94,18,17,2780,504,7435,MP5,10% Boost,No,HC - TDM,,,,,,,,,,,
Miami Strike,Garrison,Garrison,3 to 2,7/2/22,Full,81-100,18,12,3100,454,9398,MP5,10% Boost,No,HC - TDM,,,,,,,,,,,
Moscow,Cartel,Cartel,3 to 1,7/2/22,Full,66-91,17,15,2735,452,8549,MP5,10% Boost,No,HC - TDM,,,,,,,,,,,
Yamantau,Zoo,Yamantau,2 to 1,7/2/22,Full,73-100,17,16,2475,492,12253,MP5,Double XP + 10%,No,HC - TDM,,,,,,,,,,,
Echelon,The Pines,The Pines,4 to 3,7/2/22,Full,68-100,18,13,3480,469,32725,MP5,Double XP + 10%,No,HC - TDM,,,,,,,,,,,
WMD,Drive-In,Drive-In,2 to 1,7/2/22,Full,100-98,16,12,7200,448,36774,AK-47,Double XP + 10%,No,HC - TDM,,,,,,,,,,,
Cartel,Zoo,Cartel,3 to 1,7/3/22,Full,84-74,12,9,3245,336,8164,Krig 6,10% Boost,No,HC - TDM,,,,,,,,,,,
Jungle ,Diesel,Diesel,4 to 1,7/4/22,Full,100-71,12,12,1980,336,18121,Krig 6,Double XP + 10%,No,HC - TDM,,,,,,,,,,,
Checkmate,Echelon,Checkmate,1 to 1,7/4/22,Full,100-85,19,15,2685,531,18958,Krig 6,Double XP + 10%,No,HC - TDM,,,,,,,,,,,
The Pines,Crossroads Strike,Crossroads Strike,2 to 1,7/4/22,Full,100-90,15,15,1865,396,14719,Krig 6,Double XP + 10%,No,HC - TDM,,,,,,,,,,,
Nuketown '84,Rush,Nuketown '84,2 to 2,7/4/22,Full,100-88,19,13,3590,525,14296,Krig 6,Double XP + 10%,No,HC - TDM,,,,,,,,,,,
,,Slums,,7/4/22,Partial,99-81,7,6,950,169,8283,Krig 6,Double XP + 10%,No,HC - TDM,,,,,,,,,,,
Hijacked,Jungle,Hijacked,2 to 2,7/4/22,Full,100-92,10,30,815,304,11614,Krig 6,Double XP + 10%,No,HC - TDM,,,,,,,,,,,
Echelon,Rush,Rush,3 to 0,7/4/22,Full,78-100,14,12,3125,356,11288,Krig 6,Double XP + 10%,No,HC - TDM,,,,,,,,,,,
Nuketown '84,Crossroads Strike,Nuketown '84,2 to 2,7/4/22,Full,72-100,14,20,2220,419,10870,Krig 6,Double XP + 10%,No,HC - TDM,,,,,,,,,,,
Miami Strike,Standoff,Standoff,2 to 1,7/4/22,Full,66-85,12,21,2086,336,15175,Krig 6,Double XP + 10%,No,HC - TDM,,,,,,,,,,,
Diesel,WMD,Diesel,3 to 0,7/4/22,Full,100-83,22,14,2885,599,9212,Krig 6,10% Boost,No,HC - TDM,,,,,,,,,,,
The Pines,Echelon,The Pines,1 to 1,7/4/22,Full,92-84,14,13,3795,365,10911,Krig 6,10% Boost,No,HC - TDM,,,,,,,,,,,
Cartel,Zoo,Zoo,5 to 2,7/4/22,Full,77-100,12,21,1490,336,11234,Krig 6,10% Boost,No,HC - TDM,,,,,,,,,,,
Apocalypse,Cartel,Apocalypse,5 to 1,7/4/22,Full,100-92,24,15,5195,672,12015,Krig 6,10% Boost,No,HC - TDM,,,,,,,,,,,
Moscow,Diesel,Diesel,7 to 1,7/5/22,Full,92-100,18,16,4805,481,9966,Krig 6,10% Boost,No,HC - TDM,,,,,,,,,,,
,,Zoo,,7/7/22,Partial,94-100,14,21,2285,358,9059,Krig 6,10% Boost,No,HC - TDM,,,,,,,,,,,
Jungle ,Collateral Strike,Collateral Strike,5 to 1,7/10/22,Full,84-100,12,13,2540,334,8603,Krig 6,10% Boost,No,HC - TDM,,,,,,,,,,,
Rush,Checkmate,Rush,5 to 1,7/10/22,Full,58-100,15,12,3120,400,6099,Krig 6,10% Boost,No,HC - TDM,,,,,,,,,,,
Raid,Drive-In,Raid,3 to 1,7/10/22,Full,100-86,27,17,6880,757,11745,Krig 6,10% Boost,No,HC - TDM,,,,,,,,,,,
Standoff,Miami Stirke,Standoff,4 to 0,7/10/22,Full,69-100,21,12,7315,580,7383,Krig 6,10% Boost,No,HC - TDM,,,,,,,,,,,
Nuketown '84,Hijacked,Nuketown '84,4 to 4,7/10/22,Full,100-68,29,14,5120,761,43816,Krig 6,Double XP + 10%,No,HC - TDM,,,,,,,,,,,
Diesel,Echelon,Diesel,4 to 0,7/10/22,Full,100-93,13,18,2360,355,6527,QBZ-83,10% Boost,No,HC - TDM,,,,,,,,,,,
Moscow,Raid,Raid,3 to 2,7/10/22,Full,79-100,15,23,2840,397,7433,QBZ-83,10% Boost,No,HC - TDM,,,,,,,,,,,
Garrison,WMD,Garrison,1 to 1,7/10/22,Full,65-100,13,18,2870,364,9330,QBZ-83,10% Boost,No,HC - TDM,,,,,,,,,,,
Diesel,Zoo,Diesel,5 to 0,7/10/22,Full,100-94,18,15,2985,491,10364,QBZ-83,10% Boost,No,HC - TDM,,,,,,,,,,,
,,Jungle,,7/10/22,Partial,58-79,2,5,100,56,1935,QBZ-83,10% Boost,No,HC - TDM,,,,,,,,,,,
Miami Strike,Cartel,Miami Strike,4 to 0,7/10/22,Full,100-85,14,14,2515,377,6138,QBZ-83,10% Boost,No,HC - TDM,,,,,,,,,,,
Checkmate,The Pines,Checkmate,3 to 1,7/10/22,Full,83-100,15,11,3595,392,8745,QBZ-83,10% Boost,No,HC - TDM,,,,,,,,,,,
WMD,Crossroads Strike,Crossroads Strike,3 to 1,7/10/22,Full,100-63,26,15,5110,735,11520,QBZ-83,10% Boost,No,HC - TDM,,,,,,,,,,,
,,Echelon,,7/11/22,Full,87-99,18,18,2325,504,13442,QBZ-83,10% Boost,No,HC - TDM,,,,,,,,,,,
Ruah,Cartel,Rush,7 to 0,7/11/22,Full,76-100,15,19,2500,408,6554,QBZ-83,10% Boost,No,HC - TDM,,,,,,,,,,,
WMD,Standoff,Standoff,3 to 0,7/11/22,Full,100-90,14,14,3180,392,9185,QBZ-83,10% Boost,No,HC - TDM,,,,,,,,,,,
Zoo,Express,Zoo,1 to 1,7/11/22,Full,100-65,16,12,3245,448,11002,QBZ-83,10% Boost,No,HC - TDM,,,,,,,,,,,
Garrison,Collateral Strike,Collateral Strike,3 to 0,7/11/22,Full,85-100,9,15,1775,252,5581,QBZ-83,10% Boost,No,HC - TDM,,,,,,,,,,,
Raid,Deprogram,Raid,4 to 0,7/11/22,Full,100-72,11,17,1675,302,5836,QBZ-83,10% Boost,No,HC - TDM,,,,,,,,,,,
Diesel,Yamantau,Diesel,4 to 1,7/12/22,Full,95-100,15,14,2700,420,9627,QBZ-83,10% Boost,No,HC - TDM,,,,,,,,,,,
,,Diesel,,7/14/22,Full,81-100,14,18,2370,397,9872,QBZ-83,10% Boost,No,HC - TDM,,,,,,,,,,,
Echelon,Standoff,Standoff,3 to 1,7/14/22,Full,64-100,16,17,2500,437,7203,QBZ-83,10% Boost,No,HC - TDM,,,,,,,,,,,
,,Diesel,,7/14/22,Full,100-88,27,11,4530,719,9226,QBZ-83,10% Boost,No,HC - TDM,,,,,,,,,,,
Express,Checkmate,Express,3 to 0,7/14/22,Full,100-98,23,24,3675,647,26088,QBZ-83,Double XP + 10%,No,HC - TDM,,,,,,,,,,,
Cartel,Moscow,Cartel,1 to 1,7/14/22,Full,51-100,17,15,3645,494,8357,QBZ-83,10% Boost,No,HC - TDM,,,,,,,,,,,
,,Miami Strike,,7/15/22,Partial,100-75,8,4,2040,224,2786,QBZ-83,10% Boost,No,HC - TDM,,,,,,,,,,,
Yamantau,Cartel,Cartel,4 to 3,7/15/22,Full,77-87,18,10,4565,500,16881,QBZ-83,Double XP + 10%,No,HC - TDM,,,,,,,,,,,
The Pines,Hijacked,Hijacked,3 to 1,7/15/22,Full,100-60,12,12,2460,336,17016,QBZ-83,Double XP + 10%,No,HC - TDM,,,,,,,,,,,
Garrison,Standoff,Standoff,3 to 1,7/15/22,Full,100-78,17,17,2835,476,17370,QBZ-83,Double XP + 10%,No,HC - TDM,,,,,,,,,,,
Collateral Strike,WMD,Collateral Strike,1 to 1,7/15/22,Full,100-83,27,14,5550,768,19774,QBZ-83,Double XP + 10%,No,HC - TDM,,,,,,,,,,,
Crossroads Strike,Slums,Slums,3 to 1,7/15/22,Full,90-100,11,25,2610,300,13824,MP5,Double XP + 10%,No,HC - TDM,,,,,,,,,,,
Jungle,Checkmate,Jungle,2 to 2,7/16/22,Full,60-99,10,21,1555,278,6553,MP5,10% Boost,No,HC - TDM,,,,,,,,,,,
Garrison,The Pines,The Pines,3 to 2,7/16/22,Full,94-70,19,10,3515,520,21000,MP5,Double XP + 10%,No,HC - TDM,,,,,,,,,,,
Deprogram,Apocalypse,Deprogram,5 to 2,7/16/22,Full,100-88,27,15,4840,756,20086,MP5,Double XP + 10%,No,HC - TDM,,,,,,,,,,,
Drive-In,The Pines,Drive-In,5 to 1,7/16/22,Full,99-99,23,19,3735,602,19967,QBZ-83,Double XP + 10%,No,HC - TDM,,,,,,,,,,,
Zoo,Moscow,Moscow,3 to 1,7/16/22,Full,73-97,13,21,2650,364,18739,QBZ-83,Double XP + 10%,No,HC - TDM,,,,,,,,,,,
,,Apocalypse,,7/16/22,Full,100-77,18,10,4320,510,20912,QBZ-83,Double XP + 10%,No,HC - TDM,,,,,,,,,,,
Raid,Slums,Raid,2 to 1,7/16/22,Full,100-55,24,11,5500,630,17944,QBZ-83,Double XP + 10%,No,HC - TDM,,,,,,,,,,,
Garrison,Drive-In,Drive-In,6 to 0,7/17/22,Full,100-83,22,12,4930,616,12490,QBZ-83,10% Boost,No,HC - TDM,,,,,,,,,,,
,,Deprogram,,7/20/22,Partial,91-86,10,9,1855,280,7486,QBZ-83,10% Boost,No,HC - TDM,,,,,,,,,,,
Collateral Strike,Rush,Rush,2 to 0,7/20/22,Full,100-83,10,17,1560,280,6554,QBZ-83,10% Boost,No,HC - TDM,,,,,,,,,,,
Jungle,Express,Express,2 to 1,7/20/22,Full,100-93,9,15,1555,264,5819,QBZ-83,10% Boost,No,HC - TDM,,,,,,,,,,,
Garrison,Echelon,Garrison,3 to 1,7/21/22,Full,100-69,21,6,4185,594,13689,QBZ-83,10% Boost,No,HC - TDM,,,,,,,,,,,
,,Drive-In,,7/21/22,Partial,70-100,8,12,1470,210,4214,Pelington 703,10% Boost,No,HC - TDM,,,,,,,,,,,
Apocalypse,Yamantau,Yamantau,1 to 0,7/21/22,Full,75-100,18,15,7280,503,35346,QBZ-83,Double XP + 10%,No,HC - TDM,,,,,,,,,,,
,,Deprogram,,7/21/22,Full,87-100,10,19,2420,280,6873,QBZ-83,10% Boost,No,HC - TDM,,,,,,,,,,,
Zoo,Cartel,Zoo,3 to 0,7/21/22,Full,100-84,17,11,3065,476,8410,QBZ-83,10% Boost,No,HC - TDM,,,,,,,,,,,
,,Collateral Strike,,7/22/22,Full,250-94,7,18,1240,195,10995,FFAR 1,10% Boost,No,HC - Hardpoint,,,,3,,,,,,58,1
Amerika,Crossroads Strike,Crossroads Strike,4 to 3,7/22/22,Full,112-250,22,20,2615,618,7200,FFAR 1,10% Boost,No,HC - Hardpoint,,,,7,,,,,,43,0
,,Diesel,,7/22/22,Full,226-250,39,32,4955,789,12240,FFAR 1,10% Boost,No,HC - Hardpoint,,,,15,,,,,,1,2
,,Zoo,,7/23/22,Partial,67-100,3,8,575,84,8079,Pelington 703,10% Boost,No,HC - TDM,,,,,,,,,,,
The Pines,Raid,Raid,3 to 1,7/23/22,Full,100-91,4,16,550,120,4988,Pelington 703,10% Boost,No,HC - TDM,,,,,,,,,,,
Deprogram,Hijacked,Hijacked,3 to 0,7/23/22,Full,83-100,6,15,1205,139,3807,Pelington 703,10% Boost,No,HC - TDM,,,,,,,,,,,
Echelon,Drive-In,Drive-In,5 to 2,7/23/22,Full,100-82,7,13,900,196,8696,Pelington 703,10% Boost,No,HC - TDM,,,,,,,,,,,
Slums,Crossroads Strike,Crossroads Strike,5 to 1,7/23/22,Full,87-100,16,16,3025,470,9761,Pelington 703,10% Boost,No,HC - TDM,,,,,,,,,,,
The Pines,Zoo,The Pines,2 to 1,7/23/22,Full,100-90,19,15,4570,532,14529,Pelington 703,10% Boost,No,HC - TDM,,,,,,,,,,,
Hijacked,Yamantau,Hijacked,2 to 1,7/23/22,Full,63-100,5,15,1125,140,4122,Pelington 703,10% Boost,No,HC - TDM,,,,,,,,,,,
Moscow,Express,Express,5 to 0,7/24/22,Full,74-100,12,22,1700,336,9118,Pelington 703,10% Boost,No,HC - TDM,,,,,,,,,,,
The Pines,Diesel,Diesel,3 to 1,7/24/22,Full,100-85,18,15,3875,504,7935,Pelington 703,10% Boost,No,HC - TDM,,,,,,,,,,,
Standoff,Jungle,Standoff,3 to 2,7/24/22,Full,100-96,17,17,3575,387,12895,Pelington 703,10% Boost,No,HC - TDM,,,,,,,,,,,
Rush,Express,Rush,3 to 1,7/24/22,Full,100-90,10,23,1040,323,8345,Pelington 703,10% Boost,No,HC - TDM,,,,,,,,,,,
,,Yamantau,,7/26/22,Partial,100-85,4,6,700,112,4797,Pelington 703,10% Boost,No,HC - TDM,,,,,,,,,,,
,,Rush,,7/26/22,Partial,84-100,15,13,2555,394,9045,Type 63,10% Boost,No,HC - TDM,,,,,,,,,,,
Zoo,Nuketown '84,Nuketown '84,3 to 0,7/26/22,Full,100-85,25,13,4765,691,10230,Type 63,10% Boost,No,HC - TDM,,,,,,,,,,,
Zoo,Amerika,Zoo,1 to 1,7/26/22,Full,100-79,14,15,2825,399,10811,Type 63,10% Boost,No,HC - TDM,,,,,,,,,,,
Echelon,WMD,WMD,3 to 1,7/26/22,Full,56-100,8,16,1895,200,5311,Type 63,10% Boost,No,HC - TDM,,,,,,,,,,,
Moscow,Apocalypse,Apocalypse,2 to 0,7/28/22,Full,53-100,10,16,2105,279,9090,Type 63,10% Boost,No,HC - TDM,,,,,,,,,,,
Diesel,Echelon,Diesel,3 to 0,7/28/22,Full,100-62,26,12,6895,728,16831,Type 63,10% Boost,No,HC - TDM,,,,,,,,,,,
Jungle,Collateral Strike,Collateral Strike,4 to 0,7/28/22,Full,100-66,18,14,3770,502,14929,Type 63,Double XP + 10%,No,HC - TDM,,,,,,,,,,,
,,Garrison,,7/31/22,Partial,94-100,12,10,2610,336,5189,Pelington 703,10% Boost,No,HC - TDM,,,,,,,,,,,
,,WMD,,7/31/22,Partial,78-78,6,7,1315,168,9429,Pelington 703,10% Boost,No,HC - TDM,,,,,,,,,,,
,,Garrison,,7/31/22,Full,100-86,21,19,4710,602,13749,Pelington 703,10% Boost,No,HC - TDM,,,,,,,,,,,
Jungle,Deprogram,Deprogram,4 to 0,7/31/22,Full,99-100,14,14,3290,392,10328,Pelington 703,10% Boost,No,HC - TDM,,,,,,,,,,,
,,Hijacked,,7/31/22,Partial,100-84,10,6,2795,279,6177,Pelington 703,10% Boost,No,HC - TDM,,,,,,,,,,,
The Pines,Express,Express,4 to 0,7/31/22,Full,95-96,22,21,3500,603,22161,Pelington 703,Double XP + 10%,No,HC - TDM,,,,,,,,,,,
Echelon,Crossroads Strike,Crossroads Strike,1 to 0,7/31/22,Full,90-100,13,21,2870,345,12811,Pelington 703,Double XP + 10%,No,HC - TDM,,,,,,,,,,,
Yamantau,Miami Strike,Yamantau,2 to 1,7/31/22,Full,100-86,11,17,2440,295,15472,Pelington 703,Double XP + 10%,No,HC - TDM,,,,,,,,,,,
Standoff,Checkmate,Standoff,3 to 0,7/31/22,Full,94-100,10,24,1475,280,15747,Pelington 703,Double XP + 10%,No,HC - TDM,,,,,,,,,,,
Raid,Drive-In,Drive-In,4 to 0,8/1/22,Full,91-57,8,17,700,224,13469,Pelington 703,Double XP + 10%,No,HC - TDM,,,,,,,,,,,
Jungle,Yamantau,Jungle,4 to 3,8/5/22,Full,97-88,8,14,1480,224,10146,Pelington 703,10% Boost,No,HC - TDM,,,,,,,,,,,
Moscow,Amerika,Amerika,3 to 0,8/6/22,Full,100-48,26,11,6480,706,30977,Type 63,Double XP + 10%,No,HC - TDM,,,,,,,,,,,
,,Echelon,,8/7/22,Partial,48-97,3,15,950,84,5949,Pelington 703,10% Boost,No,HC - TDM,,,,,,,,,,,
Slums,Cartel,Slums,2 to 0,8/7/22,Full,100-85,23,15,3150,599,12756,Type 63,10% Boost,No,HC - TDM,,,,,,,,,,,
Deprogram,Standoff,Standoff,4 to 1,8/7/22,Full,95-94,27,17,4560,737,23237,Type 63,Double XP + 10%,No,HC - TDM,,,,,,,,,,,
,,Rush,,8/7/22,Full,100-82,16,15,2945,426,16409,Type 63,Double XP + 10%,No,HC - TDM,,,,,,,,,,,
Drive-In,Moscow,Drive-In,4 to 0,8/7/22,Full,96-91,20,14,3385,560,16873,Type 63,Double XP + 10%,No,HC - TDM,,,,,,,,,,,
Crossroads Strike,Zoo,Zoo,4 to 2,8/7/22,Full,82-98,19,11,4360,532,20749,Type 63,Double XP + 10%,No,HC - TDM,,,,,,,,,,,
,,Garrison,,8/8/22,Partial,53-100,4,10,750,112,8756,Pelington 703,10% Boost,No,HC - TDM,,,,,,,,,,,
Checkmate,Garrison,Garrison,2 to 1,8/8/22,Full,91-86,14,16,2490,358,9782,Pelington 703,10% Boost,No,HC - TDM,,,,,,,,,,,
Apocalypse,Collateral Strike,Apocalypse,2 to 1,8/8/22,Full,100-96,18,13,3125,457,10490,Pelington 703,10% Boost,No,HC - TDM,,,,,,,,,,,
Hijacked,Moscow,Moscow,4 to 3,8/8/22,Full,88-83,12,14,2215,284,8934,Pelington 703,10% Boost,No,HC - TDM,,,,,,,,,,,
WMD,Miami Strike,WMD,3 to 3,8/8/22,Full,74-65,16,19,2630,403,10139,Pelington 703,10% Boost,No,HC - TDM,,,,,,,,,,,
WMD,Diesel,WMD,2 to 2,8/10/22,Full,94-88,16,15,2905,458,13815,Pelington 703,10% Boost,No,HC - TDM,,,,,,,,,,,
Echelon,Yamantau,Yamantau,3 to 0,8/13/22,Full,59-100,10,18,2080,253,8701,Pelington 703,10% Boost,No,HC - TDM,,,,,,,,,,,
Nuketown '84,Deprogram,Nuketown '84,2 to 1,8/14/22,Full,100-84,12,18,1160,303,7497,Pelington 703,10% Boost,No,HC - TDM,,,,,,,,,,,
Echelon,Drive-In,Drive-In,5 to 1,8/14/22,Full,95-100,16,15,3485,424,9318,Pelington 703,10% Boost,No,HC - TDM,,,,,,,,,,,
Collateral Strike,Moscow,Collateral Strike,3 to 1,8/14/22,Full,100-98,20,16,3425,506,15416,Pelington 703,10% Boost,No,HC - TDM,,,,,,,,,,,
Hijacked,WMD,Hijacked,5 to 1,8/20/22,Full,100-79,12,14,3195,335,7229,Pelington 703,10% Boost,No,HC - TDM,,,,,,,,,,,
Apocalypse,Raid,Raid,4 to 0,8/20/22,Full,60-100,14,20,3125,363,7163,Pelington 703,10% Boost,No,HC - TDM,,,,,,,,,,,
,,Express,,8/20/22,Full,100-69,25,9,5710,670,12103,Pelington 703,10% Boost,No,HC - TDM,,,,,,,,,,,
,,,,8/21/22,Partial,100-78,11,7,2140,299,6719,MG 82,10% Boost,No,HC - TDM,,,,,,,,,,,
Diesel,Garrison,Diesel,3 to 1,8/21/22,Full,100-89,25,13,3880,765,8120,MG 82,10% Boost,No,HC - TDM,,,,,,,,,,,
Cartel,Crossroads Strike,Crossroads Strike,2 to 1,06/19/21,Full,100-70,23,10,3235,3306,14863,XM4,Double XP + 10%,No,TDM,,,,,,,,,,,
Express,Cartel,Express,3 to 3,06/19/21,Full,100-96,16,16,2480,2611,31044,XM4,Double XP + 10%,No,TDM,,,,,,,,,,,
Miami Strike,Nuketown '84,Nuketown '84,3 to 1,06/19/21,Full,100-99,25,19,3185,3301,16157,LC-10,Double XP + 10%,No,TDM,,,,,,,,,,,
Satellite,Armada Strike,Satellite,2 to 1,06/19/21,Full,100-77,22,14,4215,3215,16874,LC-10,Double XP + 10%,No,TDM,,,,,,,,,,,
Moscow,Diesel,Diesel,2 to 1,06/19/21,Full,100-84,31,18,4415,4587,29329,LC-10,Double XP + 10%,No,TDM,,,,,,,,,,,
Miami,Miami Strike,Miami Strike,2 to 1,06/19/21,Full,97-100,17,17,2620,2466,15193,LC-10,Double XP + 10%,No,TDM,,,,,,,,,,,
Miami,Garrison,Garrison,3 to 0,06/19/21,Full,77-100,21,18,2405,3111,16729,LC-10,Double XP + 10%,No,TDM,,,,,,,,,,,
Apocalypse,Nuketown '84,Nuketown '84,5 to 0,06/19/21,Full,100-73,25,14,2695,3319,17086,LC-10,Double XP + 10%,No,TDM,,,,,,,,,,,
Raid,Crossroads Strike,Raid,2 to 0,06/19/21,Full,85-100,17,17,3140,2222,15609,LC-10,Double XP + 10%,No,TDM,,,,,,,,,,,
The Pines,Miami,Miami,2 to 1,06/19/21,,,,,,,,,,No,TDM,,,,,,,,,,,
The Pines,Yamantau,Yamantau,1 to 0,06/19/21,Full,93-100,14,16,1895,1677,13437,LC-10,Double XP + 10%,No,TDM,,,,,,,,,,,
Cartel,Miami,Cartel,3 to 0,06/19/21,Full,75-81,17,17,2930,2471,17561,LC-10,Double XP + 10%,No,TDM,,,,,,,,,,,
Checkmate,Armada Strike,Checkmate,2 to 1,06/19/21,Full,59-100,17,18,3025,3068,24664,LC-10,Double XP + 10%,No,TDM,,,,,,,,,,,
Apocalypse,Miami,Apocalypse,3 to 1,06/20/21,Full,65-100,15,22,2730,2570,16882,LC-10,Double XP + 10%,No,TDM,,,,,,,,,,,
Miami Strike,Armada Strike,Miami Strike,2 to 1,06/20/21,Partial,77-100,10,18,950,1404,10298,LC-10,Double XP + 10%,No,TDM,,,,,,,,,,,
Yamantau,Miami Strike,Yamantau,3 to 1,06/20/21,Full,98-250,20,20,3000,2597,15991,LC-10,Double XP + 10%,No,Hardpoint,,,,10,,,,,,44,0
Satellite,The Pines,Satellite,3 to 3,06/20/21,Full,119-250,17,27,2125,2432,13903,LC-10,Double XP + 10%,No,Hardpoint,,,,11,,,,,,32,1
Express,Crossroads Strike,Express,1 to 1,06/20/21,Full,171-250,22,26,2935,3770,16671,LC-10,Double XP + 10%,No,Hardpoint,,,,17,,,,,,5,2
Standoff,Apocalypse,Apocolypse,3 to 2,06/20/21,Full,250-176,24,26,3355,3343,24348,LC-10,Double XP + 10%,No,Hardpoint,,,,17,,,,,,21,3
Moscow,Standoff,Moscow,2 to 1,06/20/21,Full,212-250,29,24,4155,3951,25008,LC-10,Double XP + 10%,No,Hardpoint,,,,18,,,,,,21,2
Armada Strike,Nuketown '84,Armada Strike,1 to 1,06/20/21,,,,,,,,,,No,Hardpoint,,,,,,,,,,,
,,Satellite,,06/20/21,Full,64-250,10,23,1845,1386,15727,LC-10,Double XP + 10%,No,Hardpoint,,,,7,,,,,,47,0
Hijacked,Nuketown '84,Nuketown '84,7 to 1,06/20/21,Full,250-215,31,34,3675,3301,22832,LC-10,Double XP + 10%,No,Hardpoint,,,,21,,,,,,21,2
Hijacked,Checkmate,Hijacked,2 to 2,06/20/21,Full,95-100,10,18,1710,1668,13337,LC-10,Double XP + 10%,No,TDM,,,,,,,,,,,
Garrison,Yamantau,Garrison,3 to 0,06/20/21,Full,88-85,15,12,2375,2000,23047,LC-10,Double XP + 10%,No,TDM,,,,,,,,,,,
Diesel,Moscow,Moscow,3 to 0,06/20/21,Full,100-85,12,15,1300,1842,15836,LC-10,Double XP + 10%,No,TDM,,,,,,,,,,,
Express,Standoff,Express,5 to 2,06/20/21,Full,100-99,28,17,6445,4072,28694,LC-10,Double XP + 10%,No,TDM,,,,,,,,,,,
Checkmate,Yamantau,Checkmate,1 to 1,06/20/21,Full,87-100,17,19,2485,2478,16062,M60,Double XP + 10%,No,TDM,,,,,,,,,,,
Satellite,Armada Strike,Satellite,3 to 2,06/20/21,,,,,,,,,,No,TDM,,,,,,,,,,,
,,Raid,,06/21/21,Partial,84-100,8,10,1270,1148,7486,M60,Double XP + 10%,No,TDM,,,,,,,,,,,
Crossroads Strike,Satellite,Crossroads Strike,1 to 0,06/21/21,Full,100-75,26,13,3725,3028,16830,M60,Double XP + 10%,No,TDM,,,,,,,,,,,
Apocalypse,The Pines,The Pines,3 to 0,06/21/21,Full,98-95,22,12,3600,3105,19760,M60,Double XP + 10%,No,TDM,,,,,,,,,,,
Express,Miami Strike,Express,3 to 1,06/21/21,Full,79-100,20,13,2540,2956,20266,M60,Double XP + 10%,No,TDM,,,,,,,,,,,
Hijacked,Armada Strike,Hijacked,3 to 2,06/21/21,Full,85-100,14,12,2775,2071,15837,M60,Double XP + 10%,No,TDM,,,,,,,,,,,
Apocalypse,Nuketown '84,Nuketown '84,1 to 0,06/21/21,Full,55-100,16,15,2455,2670,14363,M60,Double XP + 10%,No,TDM,,,,,,,,,,,
Yamantau,Moscow,Moscow,3 to 0,06/21/21,Full,,,,,,,,,No,TDM,,,,,,,,,,,
,,Collateral,,07/03/21,Full,50-100,7,16,1210,1220,8512,M60,Double XP + 10%,No,TDM,,,,,,,,,,,
Checkmate,Yamantau,Checkmate,3 to 1,07/03/21,Full,81-91,12,20,800,1574,13239,M60,Double XP + 10%,No,TDM,,,,,,,,,,,
,,Express,,07/03/21,Full,100-63,16,9,1965,2085,16763,M60,Double XP + 10%,No,TDM,,,,,,,,,,,
Raid,Satellite,Raid,2 to 0,07/03/21,Full,63-100,14,15,2180,2213,16464,M60,Double XP + 10%,No,TDM,,,,,,,,,,,
Apocalypse,Cartel,Apocalypse,0 to 0,07/03/21,Full,100-94,23,20,3185,3496,20767,M60,Double XP + 10%,No,TDM,,,,,,,,,,,
Garrison,Armada Strike,Armada Strike,3 to 0,07/03/21,Full,70-100,14,17,1850,1903,16801,M60,Double XP + 10%,No,TDM,,,,,,,,,,,
Miami Strike,Nuketown '84,Nuketown '84,3 to 2,07/03/21,Full,100-96,17,12,3330,2183,18218,M60,Double XP + 10%,Yes,TDM,,,,,,,,,,,
Miami,Moscow,Moscow,4 to 1,07/03/21,Full,53-100,15,25,3945,2617,20669,ShadowHunter,Double XP + 10%,No,TDM,,,,,,,,,,,
Standoff,Cartel,Standoff,1 to 0,07/03/21,Full,91-100,20,16,3380,2856,19879,FARA-83,Double XP + 10%,No,TDM,,,,,,,,,,,
Miami Strike,Express,Express,6 to 0,07/03/21,,,,,,,,,,No,TDM,,,,,,,,,,,
Moscow,Collateral,Collateral,3 to 2,07/03/21,Full,89-100,8,15,800,1415,10081,FARA-83,Double XP + 10%,No,TDM,,,,,,,,,,,
Crossroads Strike,Raid,Crossroads Strike,0 to 0,07/03/21,Full,79-100,15,17,2865,2171,11137,FARA-83,Double XP + 10%,No,TDM,,,,,,,,,,,
Collateral,Miami Strike,Miami Strike,3 to 2,07/03/21,Full,61-100,10,23,1420,1425,17185,FARA-83,Double XP + 10%,No,TDM,,,,,,,,,,,
The Pines,Garrison,The Pines,4 to 1,07/03/21,Full,72-74,14,13,2950,2507,17527,M60,Double XP + 10%,No,TDM,,,,,,,,,,,
Satellite,Miami,Satellite,3 to 3,07/03/21,Full,100-60,22,10,3675,2999,17063,M60,Double XP + 10%,No,TDM,,,,,,,,,,,
Hijacked,Diesel,Hijacked,1 to 0,07/03/21,,,,,,,,,,No,TDM,,,,,,,,,,,
,,Miami Strike,,07/03/21,Full,86-100,12,11,2370,1805,9717,M60,Double XP + 10%,No,TDM,,,,,,,,,,,
Apocalypse,Express,Express,2 to 1,07/03/21,Full,69-100,14,17,2340,2098,17885,M60,Double XP + 10%,No,TDM,,,,,,,,,,,
Moscow,Armada Strike,Moscow,2 to 2,07/03/21,,,,,,,,,,No,TDM,,,,,,,,,,,
,,Hijacked,,07/04/21,Full,95-74,23,13,4390,3543,12882,M60,Double XP + 10%,No,TDM,,,,,,,,,,,
Moscow,Diesel,Diesel,3 to 0,07/04/21,Full,100-65,31,13,5455,4304,24612,M60,Double XP + 10%,No,TDM,,,,,,,,,,,
Moscow,Collateral,Collateral,2 to 0,07/04/21,Full,80-100,12,12,1610,1594,17706,M60,Double XP + 10%,No,TDM,,,,,,,,,,,
Apocalypse,Armada Strike,Armada Strike,2 to 1,07/04/21,,,,,,,,,,No,TDM,,,,,,,,,,,
,,Diesel,,07/04/21,Partial,65-100,12,9,1710,1630,12379,M60,Double XP + 10%,No,TDM,,,,,,,,,,,
Checkmate,Armada Strike,Checkmate,1 to 1,07/04/21,Full,90-100,19,17,3160,3280,18200,M60,Double XP + 10%,No,TDM,,,,,,,,,,,
Garrison,Raid,Garrison,1 to 0,07/04/21,Full,100-78,21,12,3980,2925,20807,M60,Double XP + 10%,No,TDM,,,,,,,,,,,
The Pines,Garrison,The Pines,3 to 1,07/04/21,Full,100-79,17,9,3310,2522,20659,M60,Double XP + 10%,No,TDM,,,,,,,,,,,
Cartel,yamantau,Yamantau,3 to 2,07/04/21,Full,64-100,11,22,1660,1321,12177,M60,Double XP + 10%,No,TDM,,,,,,,,,,,
Yamantau,Garrison,Yamantau,4 to 0,07/05/21,Full,100-51,11,10,2040,1452,16988,M60,Double XP + 10%,No,TDM,,,,,,,,,,,
Crossroads Strike,Miami,Crossroads Strike,1 to 0,07/05/21,Full,100-86,23,19,3895,3310,23048,M60,Double XP + 10%,No,TDM,,,,,,,,,,,
Diesel,Standoff,Diesel,3 to 0,07/05/21,Full,100-90,12,15,1730,1868,16229,M60,Double XP + 10%,No,TDM,,,,,,,,,,,
Collateral,Moscow,Collateral,2 to 1,07/05/21,Full,85-100,20,15,4395,2971,17638,M60,Double XP + 10%,No,TDM,,,,,,,,,,,
Apocalypse,Satellite,Satellite,2 to 1,07/05/21,Full,99-96,24,15,4615,3499,29587,M60,Double XP + 10%,No,TDM,,,,,,,,,,,
Riad,Checkmate,Checkmate,3 to 0,07/05/21,Full,83-70,15,13,2860,2160,24640,M60,Double XP + 10%,No,TDM,,,,,,,,,,,
Miami Strike,Cartel,Miami Strike,2 to 1,07/05/21,Full,100-78,16,16,2780,2260,14705,M60,Double XP + 10%,No,TDM,,,,,,,,,,,
Express,Apocalypse,Express,2 to 2,07/05/21,,,,,,,,,,No,TDM,,,,,,,,,,,
,,Armada Strike,,07/05/21,Partial,62-100,7,6,1330,1123,10097,M60,Double XP + 10%,No,TDM,,,,,,,,,,,
Apocalypse,Miami,Apocalypse,3 to 1,07/05/21,Full,100-99,15,17,2475,2446,17338,M60,Double XP + 10%,No,TDM,,,,,,,,,,,
Express,Apocalypse,Apocalypse,4 to 1,07/05/21,Full,84-100,23,15,3025,3301,20568,M60,Double XP + 10%,No,TDM,,,,,,,,,,,
Hijacked,Standoff,Standoff,3 to 2,07/05/21,Full,91-100,15,12,1750,1976,17383,M60,Double XP + 10%,No,TDM,,,,,,,,,,,
Yamantau,Miami,Yamantau,4 to 0,07/05/21,Full,100-98,29,14,6225,3970,26227,M60,Double XP + 10%,No,TDM,,,,,,,,,,,
Garrison,Moscow,Moscow,4 to 1,07/05/21,Full,100-76,10,19,750,1271,19530,M60,Double XP + 10%,No,TDM,,,,,,,,,,,
Diesel,Garrison,Diesel,2 to 2,07/05/21,Full,100-93,24,20,3595,3468,21687,M60,Double XP + 10%,No,TDM,,,,,,,,,,,
Nuketown '84,Hijacked,Hijacked,3 to 1,07/05/21,Full,97-100,10,22,1100,2000,15289,M60,Double XP + 10%,No,TDM,,,,,,,,,,,
Express,Nuketown '84,Express,3 to 2,07/05/21,,,,,,,,,,No,TDM,,,,,,,,,,,
,,Garrison,,07/05/21,Partial,67-99,7,2,2590,1010,9836,Milano,Double XP + 10%,No,TDM,,,,,,,,,,,
Checkmate,Miami Strike,Miami Strike,2 to 1,07/05/21,Full,100-89,14,18,2145,2289,12606,Milano,Double XP + 10%,No,TDM,,,,,,,,,,,
Yamantau,Collateral,Yamantau,2 to 0,07/05/21,Full,100-82,21,14,2965,3136,17532,Milano,Double XP + 10%,No,TDM,,,,,,,,,,,
Checkmate,Nuketown '84,Nuketown '84,3 to 0,07/05/21,Full,100-71,25,15,3485,4169,13461,M60,Double XP + 10%,No,TDM,,,,,,,,,,,
Checkmate,The Pines,Checkmate,1 to 0,07/05/21,Full,83-100,17,19,2885,2873,15595,M60,Double XP + 10%,No,TDM,,,,,,,,,,,
Apocalypse,Hijacked,Hijacked,6 to 0,07/05/21,,,,,,,,,,No,TDM,,,,,,,,,,,
,,Armada Strike,,07/05/21,Partial,92-100,12,19,2740,1760,9167,MP5,Double XP + 10%,No,TDM,,,,,,,,,,,
Express,Apocalypse,APocalypse,2 to 0,07/05/21,Full,73-100,17,23,2635,3113,15254,M60,Double XP + 10%,No,TDM,,,,,,,,,,,
Satellite,Garrison,Satellite,2 to 0,07/05/21,Full,78-100,17,14,2110,3152,13121,M60,Double XP + 10%,No,TDM,,,,,,,,,,,
Raid,Crossroads Strike,Raid,3 to 0,07/05/21,Full,100-90,26,10,3015,3201,20407,M60,Double XP + 10%,No,TDM,,,,,,,,,,,
Standoff,Moscow,Standoff,0 to 0,07/05/21,Full,100-90,13,16,1110,1852,17454,M60,Double XP + 10%,No,TDM,,,,,,,,,,,
Diesel,Miami,Diesel,2 to 1,07/05/21,Full,92-100,19,18,3370,2939,21973,MP5,Double XP + 10%,No,TDM,,,,,,,,,,,
Crossroads Strike,Armada Strike,Crossroads Strike,5 to 0,07/05/21,Full,100-66,14,7,3080,1910,19280,DMR 14,Double XP + 10%,No,TDM,,,,,,,,,,,
Apocalypse,Garrison,Apocolypse,1 to 1,07/05/21,Full,100-81,24,10,4290,3680,21559,DMR 14,Double XP + 10%,No,TDM,,,,,,,,,,,
Hijacked,Yamantau,Hijacked,3 to 1,07/05/21,Full,100-83,13,17,2500,2643,16523,DMR 14,Double XP + 10%,No,TDM,,,,,,,,,,,
Raid,Apocalypse,Raid,5 to 0,07/05/21,Full,98-100,27,19,4330,3695,20267,DMR 14,Double XP + 10%,No,TDM,,,,,,,,,,,
Checkmate,Cartel,Checkmate,3 to 1,07/05/21,Full,75-100,16,16,1780,2115,15092,DMR 14,Double XP + 10%,No,TDM,,,,,,,,,,,
Moscow,Yamantau,Moscow,2 to 1,07/05/21,Full,100-86,19,12,2545,2659,19606,DMR 14,Double XP + 10%,No,TDM,,,,,,,,,,,
,,Diesel,,07/05/21,Full,100-67,15,18,2085,2351,16834,DMR 14,Double XP + 10%,No,TDM,,,,,,,,,,,
Cartel,Hijacked,Cartel,2 to 1,07/05/21,,,,,,,,,,No,TDM,,,,,,,,,,,
Miami ,Diesel,Diesel,2 to 0,07/16/21,Full,100-77,15,11,2670,1856,18774,DMR 14,Double XP + 10%,No,TDM,,,,,,,,,,,
The Pines,Miami,The Pines,1 to 0,07/16/21,Full,75-100,21,15,3665,3236,25611,DMR 14,Double XP + 10%,No,TDM,,,,,,,,,,,
Armada Strike,Express,Express,5 to 0,07/16/21,Full,100-65,20,13,4425,3270,21547,DMR 14,Double XP + 10%,No,TDM,,,,,,,,,,,
Armada Strike,Raid,Raid,3 to 1,07/16/21,Full,87-100,13,19,2035,1726,19669,DMR 14,Double XP + 10%,No,TDM,,,,,,,,,,,
Nuketown '84,Apocalypse,Nuketown '84,4 to 1,07/16/21,Full,100-79,14,16,1460,1789,11369,DMR 14,Double XP + 10%,No,TDM,,,,,,,,,,,
Miami Strike,Garrison,Garrison,3 to 2,07/16/21,Full,88-84,14,17,2425,2490,17398,DMR 14,Double XP + 10%,No,TDM,,,,,,,,,,,
Miami,Hijacked,Hijacked,2 to 0,07/16/21,Full,95-100,13,15,2480,2247,22686,DMR 14,Double XP + 10%,No,TDM,,,,,,,,,,,
Yamantau,Miami,Yamantau,3 to 2,07/16/21,Full,85-100,18,21,2830,2529,19426,DMR 14,Double XP + 10%,No,TDM,,,,,,,,,,,
The Pines,Checkmate,The Pines,1 to 1,07/16/21,Full,78-90,25,13,5385,3665,22259,DMR 14,Double XP + 10%,No,TDM,,,,,,,,,,,
Diesel,Nuketown '84,Nuketown '84,2 to 1,07/16/21,Full,84-100,21,9,4470,3165,16281,DMR 14,Double XP + 10%,No,TDM,,,,,,,,,,,
Raid,Moscow,Raid,2 to 0,07/16/21,Full,100-82,25,12,4515,3739,26030,DMR 14,Double XP + 10%,No,TDM,,,,,,,,,,,
Miami,Cartel,Miami,1 to 1,07/16/21,Full,78-70,16,10,3735,3270,21876,Pellington,Double XP + 10%,No,TDM,,,,,,,,,,,
Satellite,Crossroads Strike,Crossroads Strike,2 to 1,07/16/21,Full,92-100,27,16,3520,3321,17591,DMR 14,Double XP + 10%,No,TDM,,,,,,,,,,,
Diesel,Satellite,Satellite,3 to 0,07/16/21,,,,,,,,,,No,TDM,,,,,,,,,,,
,,Crossroads Strike,,07/16/21,Partial,65-52,7,8,975,870,7773,Pellington,Double XP + 10%,No,Kill Confirmed,2,3,5,,,,,,,,
,,Diesel,,07/16/21,Full,58-65,21,14,3070,2555,19237,Pellington,Double XP + 10%,No,Kill Confirmed,6,4,10,,,,,,,,
Collateral Strike,Miami Strike,Collateral Strike,5 to 2,07/16/21,Full,37-65,6,17,570,986,7801,Pellington,Double XP + 10%,No,Kill Confirmed,2,7,9,,,,,,,,
Yamantau,The Pines,The Pines,3 to 1,07/16/21,,,,,,,,,,No,Kill Confirmed,,,,,,,,,,,
,,Standoff,,07/17/21,Partial,100-86,3,4,300,450,8161,Pellington,Double XP + 10%,No,TDM,,,,,,,,,,,
Cartel,Raid,Raid,3 to 0,07/17/21,Full,91-100,11,13,2110,1514,14386,Pellington,Double XP + 10%,No,TDM,,,,,,,,,,,
Armada Strike,Hijacked,Hijacked,3 to 0,07/17/21,Full,100-96,23,13,3765,3308,21667,KSP 45,Double XP + 10%,No,TDM,,,,,,,,,,,
Miami ,Moscow,Moscow,3 to 0,07/17/21,Full,67-100,14,14,3245,2210,15558,Pellington,Double XP + 10%,No,TDM,,,,,,,,,,,
Apocalypse,Express,Apocalypse,1 to 0,07/17/21,Full,74-100,20,15,4950,3430,21450,Pellington,Double XP + 10%,No,TDM,,,,,,,,,,,
Moscow,The Pines,The Pines,3 to 1,07/17/21,Full,85-73,24,6,6645,3841,33739,KSP 45,Double XP + 10%,No,TDM,,,,,,,,,,,
Satellite,Nuketown '84,Nuketown '84,3 to 0,07/17/21,Full,100-57,17,4,4730,2170,12702,KSP 45,Double XP + 10%,No,TDM,,,,,,,,,,,
Standoff,Cartel,Standoff,3 to 0,07/17/21,Full,100-86,21,10,4715,3328,29941,KSP 45,Double XP + 10%,No,TDM,,,,,,,,,,,
Checkmate,Raid,Checkmate,1 to 1,07/17/21,Full,80-97,25,15,5860,4098,20948,KSP 45,Double XP + 10%,No,TDM,,,,,,,,,,,
Satellite,Diesel,Diesel,3 to 2,07/17/21,Full,100-50,9,8,750,1273,13441,KSP 45,Double XP + 10%,No,TDM,,,,,,,,,,,
Armada Strike,Miami,Armada Strike,5 to 0,07/17/21,Full,98-93,25,12,4220,3754,21322,KSP 45,Double XP + 10%,No,TDM,,,,,,,,,,,
Yamantau,Armada Strike,Yamantau,1 to 1,07/17/21,Full,98-100,12,15,1690,1589,12410,KSP 45,Double XP + 10%,No,TDM,,,,,,,,,,,
Standoff,Satellite,Standoff,4 to 0,07/17/21,Full,74-100,8,13,1390,1111,10686,KSP 45,Double XP + 10%,No,TDM,,,,,,,,,,,
Cartel,Apocalypse,Cartel,2 to 2,07/18/21,Full,71-68,9,11,1165,1130,15189,KSP 45,Double XP + 10%,No,TDM,,,,,,,,,,,
Moscow,Miami Strike,Miami Strike,2 to 0,07/18/21,Full,84-100,13,14,1990,2050,11502,KSP 45,Double XP + 10%,No,TDM,,,,,,,,,,,
Express,Garrison,Express,3 to 1,07/18/21,Full,100-84,21,13,4025,2740,20368,KSP 45,Double XP + 10%,No,TDM,,,,,,,,,,,
Collateral Striek,Apocalypse,Apocolypse,1 to 0,07/18/21,Full,100-94,14,15,2380,2269,21444,KSP 45,Double XP + 10%,No,TDM,,,,,,,,,,,
Collateral Strike,Nuketown '84,Nuketown '84,3 to 0,07/18/21,Full,93-100,21,15,4035,2989,16222,KSP 45,Double XP + 10%,No,TDM,,,,,,,,,,,
Miami,Checkmate,Checkmate,2 to 0,07/18/21,Full,90-74,15,17,1710,2154,25000,KSP 45,Double XP + 10%,No,TDM,,,,,,,,,,,
Crossroads Strike,Raid,Crossroads Strike,2 to 0,07/18/21,Full,100-86,24,17,4515,3442,17447,KSP 45,Double XP + 10%,No,TDM,,,,,,,,,,,
Standoff,Collateral Strike,Standoff,1 to 1,07/18/21,,,,,,,,,,No,TDM,,,,,,,,,,,
Moscow,Collateral Strike,Moscow,1 to 1,07/18/21,Full,96-87,30,17,5405,4084,31932,KSP 45,Double XP + 10%,No,TDM,,,,,,,,,,,
Yamantau,Miami Strike,Yamantau,1 to 1,07/18/21,Full,97-100,18,21,2410,3136,19581,KSP 45,Double XP + 10%,No,TDM,,,,,,,,,,,
Miami,Express,Express,2 to 0,07/18/21,,,,,,,,,,No,TDM,,,,,,,,,,,
Diesel,Miami Strike,Diesel,4 to 1,07/18/21,Full,100-82,33,12,5140,4245,21560,DMR 14,Double XP + 10%,No,TDM,,,,,,,,,,,
Standoff,Satellite,Satellite,2 to 1,07/18/21,Full,95-98,24,17,3305,3875,17695,DMR 14,Double XP + 10%,No,TDM,,,,,,,,,,,
Nuketown '84,Apocalypse,Nuketown '84,3 to 0,07/18/21,Full,70-100,14,16,1725,1721,11215,FARA-83,Double XP + 10%,No,TDM,,,,,,,,,,,
Express,Hijacked,Express,5 to 1,08/07/21,Full,100-88,14,16,1620,2359,9949,FARA-83,Double XP + 10%,No,TDM,,,,,,,,,,,
,,Rush,,08/07/21,Full,100-85,22,9,4895,2897,24893,FARA-83,Double XP + 10%,No,TDM,,,,,,,,,,,
Miami Stirke,Collateral Strike,Collateral Strike,5 to 1,08/07/21,Full,100-74,10,8,1685,1290,13174,FARA-83,Double XP + 10%,No,TDM,,,,,,,,,,,
Cartel,Diesel,Diesel,2 to 1,08/07/21,Full,82-100,19,18,2595,3081,16112,FARA-83,Double XP + 10%,No,TDM,,,,,,,,,,,
Checkmate,The Pines,Checkmate,5 to 0,08/07/21,Full,100-85,26,14,2960,3660,28128,MG 82,Double XP + 10%,No,TDM,,,,,,,,,,,
Miami,Garrison,Garrison,1 to 0,08/07/21,Full,100-86,18,15,2585,3238,17345,MG 82,Double XP + 10%,No,TDM,,,,,,,,,,,
Yamantau,Armada Strike,Yamantau,3 to 0,08/07/21,Full,100-90,22,22,2860,3093,24643,MG 82,Double XP + 10%,No,TDM,,,,,,,,,,,
,,Collateral Strike,,08/07/21,Full,100-94,14,14,2085,2019,18177,MG 82,Double XP + 10%,No,TDM,,,,,,,,,,,
Moscow,Miami,Moscow,1 to 0,08/07/21,Full,100-81,20,14,3105,2963,22625,MG 82,Double XP + 10%,No,TDM,,,,,,,,,,,
Express,Hijacked,Express,2 to 2,08/07/21,Full,89-100,14,18,1875,2264,14468,MG 82,Double XP + 10%,No,TDM,,,,,,,,,,,
Satellite,Cartel,Satellite,1 to 1,08/07/21,Full,97-100,10,19,1475,1620,11777,MG 82,Double XP + 10%,No,TDM,,,,,,,,,,,
Miami Strike,Rush,Miami Strike,1 to 1,08/07/21,Full,100-68,20,12,3760,2657,15455,MG 82,Double XP + 10%,No,TDM,,,,,,,,,,,
Garrison,Hijacked,Garrison,1 to 1,08/07/21,Full,68-73,20,17,3825,2830,25414,MG 82,Double XP + 10%,No,TDM,,,,,,,,,,,
Crossroads Strike,Diesel,Crossroads Strike,4 to 2,08/07/21,Full,100-68,19,18,2045,2685,16282,MG 82,Double XP + 10%,No,TDM,,,,,,,,,,,
Armada Strike,Express,Express,3 to 1,08/08/21,Full,100-81,21,12,4855,3110,23560,MG 82,Double XP + 10%,No,TDM,,,,,,,,,,,
Apocalypse,Satellite,Apocalypse,3 to 3,08/08/21,Full,100-65,19,10,4850,2676,23998,MG 82,Double XP + 10%,No,TDM,,,,,,,,,,,
The Pines,Hijacked,Hijacked,2 to 0,08/08/21,Full,91-95,20,13,3420,3643,22585,MG 82,Double XP + 10%,No,TDM,,,,,,,,,,,
Armada Strike,Nuketown '84,Nuketown '84,3 to 1,08/08/21,Full,100-93,21,16,3885,3117,25706,MG 82,Double XP + 10%,No,TDM,,,,,,,,,,,
Yamantau,Crossroads Strike,Crossroads Strike,3 to 1,08/08/21,Full,79-100,18,20,2105,2142,11079,MG 82,Double XP + 10%,No,TDM,,,,,,,,,,,
,,Hijacked,,08/08/21,Partial,250-145,21,18,3485,2511,22927,MG 82,Double XP + 10%,No,Hardpoint,,,,11,,,,,,5,2
,,Cartel,,08/08/21,Full,250-52,12,12,2310,1503,15075,MG 82,Double XP + 10%,No,Hardpoint,,,,12,,,,,,46,2
Moscow,Diesel,Diesel,2 to 0,08/08/21,Full,100-94,17,12,2860,2565,20441,MG 82,Double XP + 10%,No,TDM,,,,,,,,,,,
Miami,Crossroads Strike,Crossroads Strike,4 to 0,08/08/21,Full,81-100,13,17,2030,2189,9217,MG 82,Double XP + 10%,No,TDM,,,,,,,,,,,
Collateral Striek,Cartel,Collateral Strike,3 to 2,08/08/21,Full,86-100,13,15,3510,2323,16540,MG 82,Double XP + 10%,No,TDM,,,,,,,,,,,
Garrison,Checkmate,Checkmate,4 to 0,08/08/21,Full,100-85,25,12,3880,3756,19488,MG 82,Double XP + 10%,No,TDM,,,,,,,,,,,
Moscow,Rush,Rush,2 to 0,08/08/21,Full,100-65,22,11,3735,3454,19123,MG 82,Double XP + 10%,No,TDM,,,,,,,,,,,
Yamantau,Miami Strike,Yamantau,2 to 0,08/08/21,Full,100-85,13,13,2445,1686,15412,MG 82,Double XP + 10%,No,TDM,,,,,,,,,,,
Moscow,Nuketown '84,Nuketown '84,7 to 1,08/08/21,Full,100-76,16,10,3155,2428,17906,MG 82,Double XP + 10%,No,TDM,,,,,,,,,,,
Checkmate,Apocalypse,Checkmate,2 to 0,08/08/21,Full,98-73,16,14,2430,2634,17355,MG 82,Double XP + 10%,No,TDM,,,,,,,,,,,
Moscow,Miami,Moscow,2 to 1,08/08/21,Full,89-100,15,16,2940,2325,21346,MG 82,Double XP + 10%,No,TDM,,,,,,,,,,,
Collateral Striek,Hijacked,Collateral Strike,3 to 3,08/08/21,Full,80-99,19,18,4225,2786,21833,MG 82,Double XP + 10%,No,TDM,,,,,,,,,,,
Rush,Nuketown '84,Nuketown '84,3 to 0,08/08/21,Full,85-100,20,15,3770,3200,11656,MG 82,Double XP + 10%,No,TDM,,,,,,,,,,,
Standoff,Satellite,Standoff,3 to 1,08/08/21,Full,77-100,10,14,1785,1624,22456,MG 82,Double XP + 10%,No,TDM,,,,,,,,,,,
Miami Strike,Crossroads Strike,Crossroads Strike,3 to 0,08/08/21,Full,100-56,33,15,4730,4716,17461,MG 82,Double XP + 10%,No,TDM,,,,,,,,,,,
Miami Strike,Yamantau,Yamantau,4 to 1,08/08/21,Full,100-75,22,13,3080,2864,18296,MG 82,Double XP + 10%,No,TDM,,,,,,,,,,,
Cartel,Miami,Miami,2 to 1,08/08/21,Full,85-65,16,14,2510,2772,20349,MG 82,Double XP + 10%,No,TDM,,,,,,,,,,,
,,Rush,,10/10/21,Partial,97-87,18,12,3240,2589,16037,MG 82,Double XP + 10%,No,TDM,,,,,,,,,,,
Garrison,Express,Express,3 to 0,10/10/21,Full,88-97,14,15,1760,1932,15355,MG 82,Double XP + 10%,No,TDM,,,,,,,,,,,
Echelon,Collateral Strike,Collateral Strike,1 to 0,10/10/21,Full,67-100,12,17,1580,1592,12834,MG 82,Double XP + 10%,No,TDM,,,,,,,,,,,
Crossroads Strike,Amerika,Crossroads Strike,3 to 2 ,10/10/21,Full,98-100,19,19,2805,2518,16196,MG 82,Double XP + 10%,No,TDM,,,,,,,,,,,
Echelon,Checkmate,Checkmate,2 to 0,10/10/21,Full,100-97,17,12,2390,2661,19721,MG 82,Double XP + 10%,No,TDM,,,,,,,,,,,
Armada Strike,Apocalypse,Armada Strike,1 to 1,10/10/21,Full,100-96,18,14,3130,2388,21179,MG 82,Double XP + 10%,No,TDM,,,,,,,,,,,
Echelon,Hijacked,Echelon,2 to 1,10/10/21,Full,81-80,17,19,2595,2960,19040,MG 82,Double XP + 10%,No,TDM,,,,,,,,,,,
Garrison,Cartel,Garrison,2 to 1,10/10/21,Full,94-74,26,18,3230,4278,26992,MG 82,Double XP + 10%,No,TDM,,,,,,,,,,,
Zoo,Rush,Zoo,4 to 2,10/10/21,Full,89-100,24,21,3130,3052,18519,MG 82,Double XP + 10%,No,TDM,,,,,,,,,,,
The Pines,Collateral Strike,Collateral Strike,4 to 0,10/10/21,,,,,,,,,,No,TDM,,,,,,,,,,,
Deprogram,Echelon,Deprogram,2 to 0 ,10/11/21,Full,200-250,42,27,4175,5812,31953,MG 82,Double XP + 10%,No,Hardpoint,,,,14,,,,,,52,0
Collaterol Strike,Standoff,Standoff,3 to 1,10/11/21,Full,250-97,17,22,2635,2389,15391,MG 82,Double XP + 10%,No,Hardpoint,,,,9,,,,,,48,1
Armada Strike,Raid,Armada Strike,2 to 0,10/11/21,Full,187-164,20,29,2855,2607,20928,MG 82,Double XP + 10%,No,Hardpoint,,,,10,,,,,,33,1
Drive-in,Yamantau,Drive-in,3 to 0,10/11/21,Full,250-135,19,15,2930,2414,22324,MG 82,Double XP + 10%,No,Hardpoint,,,,7,,,,,,42,1
Miami Strike,Rush,Miami Strike,3 to 1,10/11/21,Full,115-250,10,29,1500,1299,10481,MG 82,Double XP + 10%,No,Hardpoint,,,,3,,,,,,47,0
,,Standoff,,10/11/21,Full,250-171,20,23,2305,2604,20664,MG 82,Double XP + 10%,No,Hardpoint,,,,12,,,,,,39,2
Diesel,Express,Diesel,2 to 0,10/11/21,Full,250-126,30,24,3310,2978,27165,DMR 14,Double XP + 10%,No,Hardpoint,,,,15,,,,,,14,2
Drive-in,Satellite,Drive-in,4 to 1,10/11/21,Full,114-250,25,26,2820,3582,21336,DMR 14,Double XP + 10%,No,Hardpoint,,,,12,,,,,,51,0
Armada Strike,Collateral Strike,Collaterel Strike,4 to 1,10/11/21,Full,250-233,39,27,3585,5141,28365,DMR 14,Double XP + 10%,No,Hardpoint,,,,25,,,,,,29,2
,,Deprogram,,10/11/21,Full,219-250,21,28,2670,2353,21352,DMR 14,Double XP + 10%,No,Hardpoint,,,,13,,,,,,21,1
Checkmate,Amerika,Amerika,3 to 0,10/11/21,Full,250-135,27,25,3410,3363,21281,DMR 14,Double XP + 10%,No,Hardpoint,,,,12,,,,,,20,2
,,The Pines,,10/11/21,Full,215-250,39,31,4545,5201,31554,DMR 14,Double XP + 10%,No,Hardpoint,,,,22,,,,,,31,1
Yamantau,Slums,Yamantau,1 to 1,10/11/21,Full,175-250,36,29,3975,4088,24459,DMR 14,Double XP + 10%,No,Hardpoint,,,,24,,,,,,1,1
Apocalypse,Garrison,Garrison,2 to 0,10/11/21,Full,,,,,,,,,No,Hardpoint,,,,,,,,,,,
Apocalypse,Diesel,Diesel,4 to 2,10/11/21,Full,250-224,34,29,3775,4361,14250,FARA-83,10% Boost,No,Hardpoint,,,,19,,,,,,24,2
The Pines,Drive-in,The Pines,3 to 2,10/11/21,Full,250-30,14,10,2435,1713,6849,FARA-83,10% Boost,No,Hardpoint,,,,11,,,,,,11,3
Standoff,Hijacked,Hijacked,3 to 2,10/11/21,Full,250-121,21,24,2015,2494,9941,FARA-83,10% Boost,No,Hardpoint,,,,10,,,,,,0,2
Garrison,Zoo,Garrison,2 to 2,10/11/21,Full,250-160,27,15,4530,3591,21516,FARA-83,10% Boost,No,Hardpoint,,,,16,,,,,,46,2
Moscow,Standoff,Moscow,4 to 4,10/11/21,Full,232-250,28,25,3715,3738,15393,FARA-83,10% Boost,No,Hardpoint,,,,19,,,,,,32,2
Express,Cartel,Express,4 to 1,10/11/21,,,,,,,,,,No,Hardpoint,,,,,,,,,,,
Amerika,Slums,Amerika,6 to 0,10/12/21,Full,250-177,32,28,4035,4674,14400,FARA-83,10% Boost,No,Hardpoint,,,,19,,,,,,59,1
Moscow,Cartel,Moscow,2 to 1,10/12/21,Full,250-184,33,11,5250,4887,14236,FARA-83,10% Boost,No,Hardpoint,,,,21,,,,,,13,2
,,Standoff,,10/12/21,Partial,236-250,20,27,3025,3228,12698,FARA-83,10% Boost,No,Hardpoint,,,,10,,,,,,39,1
Miami Strike,Slums,Slums,2 to 1,10/12/21,Full,250-33,28,4,9734,3795,25126,FARA-83,10% Boost,No,Hardpoint,,,,21,,,,,,18,3
Armada Strike,Yamantau,Yamantau,3 to 2,10/12/21,Full,250-91,27,16,3340,2809,11703,FARA-83,10% Boost,No,Hardpoint,,,,14,,,,,,11,2
Collateral Strike,Zoo,Zoo,2 to 1,10/12/21,Full,194-250,33,25,4310,4124,11709,FARA-83,10% Boost,No,Hardpoint,,,,17,,,,,,51,0
The Pines,Armada Strike,The Pines,2 to 1,10/12/21,Full,250-105,8,14,1095,1585,8898,Pellington,10% Boost,No,Hardpoint,,,,5,,,,,,1,2
Echelon,Crossroads Strike,Echelon,2 to 0,10/12/21,Full,164-250,14,21,1790,1996,7608,Pellington,10% Boost,No,Hardpoint,,,,10,,,,,,7,1
Satellite,Checkmate,Satellite,2 to 2,10/12/21,Full,144-250,20,18,1935,2175,8647,Pellington,10% Boost,No,Hardpoint,,,,11,,,,,,2,1
Express,Moscow,Express,4 to 1,10/12/21,Full,,,,,,,,,No,Hardpoint,,,,,,,,,,,
,,Rush,,10/13/21,Partial,250-97,21,22,1770,2402,8233,FARA-83,10% Boost,No,Hardpoint,,,,14,,,,,,37,1
Drive-in,Slums,Slums,3 to 0,10/13/21,Full,250-203,30,28,4215,4256,13230,FARA-83,10% Boost,No,Hardpoint,,,,16,,,,,,5,2
Deprogram,Yamantau,Deprogram,2 to 1,10/13/21,Full,250-132,26,15,3225,3816,12550,FARA-83,10% Boost,No,Hardpoint,,,,15,,,,,,5,3
Echelon,Crossroads Strike,Crossroads Strike,5 to 0,10/13/21,Full,199-250,33,21,4560,4677,17275,FARA-83,10% Boost,No,Hardpoint,,,,13,,,,,,51,1
Standoff,Nuketown '84,Standoff,3 to 1,10/13/21,Full,250-154,21,22,2860,3574,12857,FARA-83,10% Boost,No,Hardpoint,,,,17,,,,,,1,2
The Pines,Diesel,The Pines,3 to 2,10/13/21,Full,250-158,19,22,2635,2087,9284,FARA-83,10% Boost,No,Hardpoint,,,,16,,,,,,26,2
Miami Stirke,Echelon,Miami Strike,4 to 1,10/13/21,,,,,,,,,,No,Hardpoint,,,,,,,,,,,
,,Echelon,,10/15/21,Partial,117-250,18,15,1315,2260,6141,MG 82,10% Boost,No,Hardpoint,,,,10,,,,,,27,0
,,Slums,,10/15/21,Full,250-218,22,31,2585,2142,12297,MG 82,10% Boost,No,Hardpoint,,,,8,,,,,,47,1
Moscow,Collateral Strike,Collateral Strike,3 to 0,10/15/21,Full,250-66,10,18,1480,1829,6416,MG 82,10% Boost,No,Hardpoint,,,,3,,,,,,15,2
Drive-in,Express,Express,2 to 0,10/15/21,Full,250-117,31,14,3360,4142,17844,MG 82,10% Boost,No,Hardpoint,,,,13,,,,,,0,2
,,Nuketown '84,,10/15/21,Partial,250-142,23,12,2815,2362,12174,MG 82,10% Boost,No,Hardpoint,,,,17,,,,,,56,1
Slums,Hijacked,Slums,2 to 0,10/15/21,Full,59-250,20,17,2060,2527,12733,MG 82,10% Boost,No,Hardpoint,,,,8,,,,,,41,0
Armada Strike,Raid,Armada Strike,5 to 0,10/15/21,Full,136-250,19,25,2394,2497,9160,Pellington,10% Boost,No,Hardpoint,,,,9,,,,,,2,1
Miami Strike,Checkmate,Checkmate,1 to 0,10/15/21,Full,250-134,15,14,1420,2346,8505,MG 82,10% Boost,No,Hardpoint,,,,5,,,,,,33,1
Diesel,Cartel,Diesel,7 to 0,10/15/21,Full,87-240,43,25,4460,5926,20300,MG 82,10% Boost,No,Hardpoint,,,,19,,,,,,39,0
Garrison,Yamantau,Garrison,1 to 0,10/15/21,Full,201-250,55,24,6535,6801,17914,MG 82,10% Boost,No,Hardpoint,,,,22,,,,,,54,0
Drive-in,Crossroads Strike,Crossroads Strike,1 to 0,10/15/21,Full,128-250,23,30,3180,3104,15372,MG 82,10% Boost,No,Hardpoint,,,,14,,,,,,14,1
Checkmate,Express,Checkmate,4 to 2,10/16/21,Full,164-250,22,23,3130,3349,8718,MG 82,10% Boost,No,Hardpoint,,,,9,,,,,,54,0
,,Diesel,,10/16/21,Partial,250-244,13,11,2490,1977,6896,MG 82,10% Boost,No,Hardpoint,,,,4,,,,,,6,1
,,Cartel,,10/16/21,Partial,247-250,15,15,1775,2171,5032,MG 82,10% Boost,No,Hardpoint,,,,11,,,,,,29,1
Standoff,Drive-in,Standoff,1 to 0,10/16/21,Full,250-63,17,15,1680,2513,12517,MG 82,10% Boost,No,Hardpoint,,,,4,,,,,,46,0
Zoo,Slums,Zoo,2 to 0,10/16/21,Full,250-210,40,22,3995,4894,17036,MG 82,10% Boost,No,Hardpoint,,,,24,,,,,,50,1
Apocalypse,Moscow,Moscow,6 to 2,10/16/21,,,,,,,,,,No,Hardpoint,,,,,,,,,,,
,,Echelon,,10/21/21,Full,250-148,15,17,2575,1586,11089,MG 82,10% Boost,No,Hardpoint,,,,5,,,,,,23,1
Apocalypse,Amerika,Amerika,4 to 0,10/21/21,Full,250-12,23,11,2415,2914,12354,MG 82,10% Boost,No,Hardpoint,,,,14,,,,,,1,2
The Pines,Hijacked,Hijacked,3 to 0,10/21/21,Full,191-250,20,20,2260,2464,21254,MG 82,Double XP + 10%,No,Hardpoint,,,,16,,,,,,29,2
Satellite,Slums,Satellite,2 to 2,10/21/21,Full,185-250,33,18,4015,3917,22610,MG 82,Double XP + 10%,No,Hardpoint,,,,15,,,,,,30,1
Express,Checkmate,Checkmate,3 to 2,10/21/21,Full,192-250,17,23,2200,2032,19251,MG 82,Double XP + 10%,No,Hardpoint,,,,10,,,,,,9,1
Crossroads Strike,Satellite,Crossroads Strike,3 to 1,10/21/21,Full,217-250,13,16,2320,1693,16129,MG 82,Double XP + 10%,No,Hardpoint,,,,10,,,,,,34,2
,,Raid,,10/23/21,Partial,93-83,5,8,550,840,6220,MG 82,Double XP + 10%,No,TDM,,,,,,,,,,,
Amerika,Deprogram,Amerika,1 to 0,10/23/21,Full,90-100,19,18,4225,2623,18172,MG 82,Double XP + 10%,No,TDM,,,,,,,,,,,
The Pines,Moscow,The Pines,1 to 1,10/23/21,Full,86-87,16,14,1925,2781,15142,MG 82,Double XP + 10%,No,TDM,,,,,,,,,,,
Armada Strike,Hijacked,Hijacked,3 to 0,10/23/21,Full,95-100,12,11,1930,1964,15447,MG 82,Double XP + 10%,No,TDM,,,,,,,,,,,
Checkmate,Crossroads Strike,Crossroads Strike,1 to 0,10/23/21,Full,88-100,28,14,5510,3744,35439,MG 82,Double XP + 10%,Yes,TDM,,,,,,,,,,,
Express,Standoff,Standoff,4 to 0,10/23/21,,,,,,,,,,No,TDM,,,,,,,,,,,
Deprogram,Miami Strike,Miami Strike,4 to 1,10/23/21,Full,100-87,20,17,4040,2733,18258,MG 82,Double XP + 10%,No,TDM,,,,,,,,,,,
,,Nuketown '84 Halloween,,10/23/21,Full,100-60,14,12,1370,2380,12138,MG 82,Double XP + 10%,No,TDM,,,,,,,,,,,
,,Nuketown '84 Halloween,,10/23/21,Full,100-71,15,9,2065,2392,13100,MG 82,Double XP + 10%,No,TDM,,,,,,,,,,,
,,Nuketown '84 Halloween,,10/23/21,Full,250-98,38,26,4800,4360,35367,MG 82,Double XP + 10%,No,Hardpoint,,,,28,,,,,,50,2
,,Crossroads Strike,,10/23/21,Partial,250-167,13,23,1545,1551,15359,MG 82,Double XP + 10%,No,Hardpoint,,,,8,,,,,,53,0
Satellite,Nuketown '84 Halloween,Nuketown '84 Halloween,1 to 0,10/23/21,Full,250-243,38,31,4350,4798,27523,MG 82,Double XP + 10%,No,Hardpoint,,,,19,,,,,,51,1
,,Armada Strike,,10/23/21,Full,250-1,10,9,1555,1322,9861,MG 82,Double XP + 10%,No,Hardpoint,,,,5,,,,,,24,1
Checkmate,Garrison,Checkmate,1 to 0,10/23/21,Full,250-180,26,22,3365,3620,21512,MG 82,Double XP + 10%,No,Hardpoint,,,,16,,,,,,24,1
,,Amerika,,10/23/21,Full,250-2,11,6,3010,1057,10509,MG 82,Double XP + 10%,No,Hardpoint,,,,7,,,,,,53,2
Crossroads Strike,Miami Strike,Crossroads Strike,2 to 1,10/23/21,Full,250-186,37,21,3875,4677,20732,MG 82,Double XP + 10%,No,Hardpoint,,,,21,,,,,,13,2
,,Zoo,,10/23/21,Partial,176-250,13,14,1905,1387,12988,Milano,Double XP + 10%,No,Hardpoint,,,,9,,,,,,20,1
,,Drive-in,,10/23/21,Full,250-151,32,22,5040,4488,26952,Milano,Double XP + 10%,No,Hardpoint,,,,22,,,,,,13,2
Satellite,Deprogram,Satellite,2 to 0,10/23/21,Full,241-250,29,29,4075,3714,24138,Milano,Double XP + 10%,No,Hardpoint,,,,19,,,,,,12,3
Slums,Express,Express,4 to 3,10/23/21,Full,200-176,19,29,3160,3663,27644,Milano,Double XP + 10%,No,Domination,,,7,2,5,,,,,,
Yamantau,Raid,Raid,4 to 0,10/23/21,Full,200-165,26,18,4610,4040,26628,Milano,Double XP + 10%,No,Domination,,,17,10,7,,,,,,
The Pines,Drive-in,Drive-in,2 to 0,10/24/21,Full,171-200,22,27,3500,2741,20022,FARA-83,Double XP + 10%,No,Domination,,,16,7,9,,,,,,
Satellite,Crossroads Strike,Crossroads Strike,3 to 2,10/24/21,Full,62-65,23,22,2605,3173,16448,FARA-83,Double XP + 10%,No,Kill Confirmed,10,3,13,,,,,,,,
Diesel,Rush,Diesel,5 to 0,10/24/21,Full,54-65,27,16,3500,3674,21713,FARA-83,Double XP + 10%,No,Kill Confirmed,16,8,24,,,,,,,,
Zoo,Garrison,Zoo,3 to 0,10/24/21,Full,65-39,10,10,1525,1397,15411,FARA-83,Double XP + 10%,No,Kill Confirmed,5,1,6,,,,,,,,
Raid,Apocalypse,Apocolypse,2 to 2,10/24/21,Full,250-77,17,8,2645,2656,21630,FARA-83,Double XP + 10%,No,Hardpoint,,,,5,,,,,,43,1
Satellite,Garrison,Satellite,5 to 3,10/24/21,Full,99-250,11,20,1335,1696,15718,Milano,Double XP + 10%,No,Hardpoint,,,,3,,,,,,18,0
Diesel,Miami Sstrike,Diesel,3 to 0,10/24/21,Full,109-250,16,19,2345,2899,17362,Milano,Double XP + 10%,No,Hardpoint,,,,9,,,,,,52,0
,,The Pines,,10/24/21,Full,250-203,39,19,5420,5693,40515,Milano,Double XP + 10%,No,Hardpoint,,,,19,,,,,,22,2
Armada Strike,Miami Strike,Miami Strike,2 to 1,10/29/21,Full,250-117,9,14,2145,1082,15134,FARA-83,Double XP + 10%,No,Hardpoint,,,,4,,,,,,52,2
Apocalypse,Amrada Strike,Apocalypse,2 to 0,10/29/21,Full,250-131,26,10,5280,3492,22983,FARA-83,Double XP + 10%,No,Hardpoint,,,,9,,,,,,20,1
Rush,Zoo,Rush,4 to 0,10/29/21,Full,74-250,19,20,2190,3271,15097,FARA-83,Double XP + 10%,No,Hardpoint,,,,9,,,,,,26,0
,,Nuketown '84 Halloween,,10/29/21,Full,225-250,36,28,4055,4517,24210,FARA-83,Double XP + 10%,No,Hardpoint,,,,19,,,,,,37,1
Rush,Collateral Strike,Rush,3 to 1,10/29/21,Full,250-149,32,14,4100,4299,26969,FARA-83,Double XP + 10%,No,Hardpoint,,,,23,,,,,,51,2
Drive-in,Echelon,Echelon,1 to 0,10/29/21,Full,250-134,9,21,1600,1173,14731,FARA-83,Double XP + 10%,No,Hardpoint,,,,6,,,,,,51,1
Satellite,Yamantau,Satellite,2 to 1,10/29/21,Full,248-250,22,28,3345,2924,27263,FARA-83,Double XP + 10%,No,Hardpoint,,,,6,,,,,,0,2
Hijacked,Standoff,Standoff,3 to 2,10/31/21,Full,250-184,24,20,3235,2861,26395,FARA-83,Double XP + 10%,No,Hardpoint,,,,17,,,,,,28,2
,,Satellite,,10/31/21,Partial,250-199,13,21,1685,2154,12549,FARA-83,Double XP + 10%,No,Hardpoint,,,,6,,,,,,22,1
Deprogam,Armada Strike,Deprogram,2 to 0,10/31/21,Full,250-186,35,15,5995,4781,29401,FARA-83,Double XP + 10%,No,Hardpoint,,,,20,,,,,,48,2
Diesel,Deprogram,Deisel,4 to 0,10/31/21,Full,250-186,35,28,3785,4050,25754,Milano,Double XP + 10%,No,Hardpoint,,,,18,,,,,,10,1
Standoff,Armada Strike,Standoff,1 to 0,10/31/21,Full,250-48,22,10,2445,2996,19914,Milano,Double XP + 10%,No,Hardpoint,,,,10,,,,,,8,2
Drive-in,Garrison,Drive-in,2 to 1,10/31/21,Full,238-250,34,29,3900,4153,25627,Milano,Double XP + 10%,No,Hardpoint,,,,20,,,,,,1,3
Cartel,Moscow,Moscow,5 to 2,10/31/21,Full,242-249,48,27,5870,6805,36557,Milano,Double XP + 10%,No,Hardpoint,,,,30,,,,,,47,2
Armada Strike,Yamantau,Yamantau,1 to 0,10/31/21,Full,143-250,20,28,2485,2235,19459,Milano,Double XP + 10%,No,Hardpoint,,,,13,,,,,,59,0
Garrison,Diesel,Garrison,2 to 2,10/31/21,Full,199-250,38,25,3715,4547,25970,Milano,Double XP + 10%,No,Hardpoint,,,,25,,,,,,9,2
,,Express,,10/31/21,Full,228-250,25,22,3675,3109,28345,Milano,Double XP + 10%,No,Hardpoint,,,,14,,,,,,21,2
Armada Strike,Cartel,Cartel,2 to 0,10/31/21,Full,250-143,28,27,3310,3635,27017,Milano,Double XP + 10%,No,Hardpoint,,,,16,,,,,,15,2
,,Hijacked,,11/05/21,Partial,59-250,7,13,600,928,5668,Milano,10% Boost,No,Hardpoint,,,,1,,,,,,4,0
Drive-In,Armada Strike,Armada Strike,3 to 0,11/05/21,Full,250-123,19,11,3220,3147,9836,Milano,10% Boost,No,Hardpoint,,,,10,,,,,,31,0
Nuketown '84,Hijacked,Nuketown '84,4 to 1,11/05/21,Full,250-202,35,32,5625,4831,18667,Pellington,10% Boost,No,Hardpoint,,,,20,,,,,,0,2
,,Deprogram,,11/05/21,Full,250-110,17,13,2435,2382,12246,Pellington,10% Boost,No,Hardpoint,,,,13,,,,,,46,2
Yamantau,The Pines,Yamantau,3 to 1,11/05/21,Full,245-207,25,26,2735,2887,17728,Pellington,10% Boost,No,Hardpoint,,,,12,,,,,,17,2
Drive-In,Armada Strike,Drive-in,5 to 2,11/05/21,Full,250-245,16,24,2520,2596,12095,Pellington,10% Boost,No,Hardpoint,,,,4,,,,,,7,2
,,Miami Strike,,11/06/21,Full,136-250,23,20,2810,3330,7821,Pellington,10% Boost,No,Hardpoint,,,,17,,,,,,5,1
Checkmate,Cartel,Cartel,1 to 0,11/06/21,Full,244-195,23,29,2700,2959,11619,Pellington,10% Boost,No,Hardpoint,,,,9,,,,,,15,2
Crossroads Strike,Checkmate,Crossroads Strike,1 to 0,11/06/21,Full,250-54,10,9,1900,1196,13210,Pellington,10% Boost,No,Hardpoint,,,,6,,,,,,35,2
Cartel,Slums,Slums,3 to 2,11/06/21,Full,218-250,31,33,4140,3898,21603,Pellington,Double XP + 10%,No,Hardpoint,,,,15,,,,,,38,1
,,Standoff,,11/06/21,Full,250-49,9,9,1460,1207,10382,Groza,10% Boost,No,Hardpoint,,,,3,,,,,,45,0
Apocalypse,Collateral Strike,Collateral Strike,2 to 1,11/06/21,Full,211-250,42,26,6885,5602,27327,Groza,10% Boost,No,Hardpoint,,,,15,,,,,,35,1
Moscow,Rush,Moscow,1 to 0,11/06/21,Full,250-75,25,14,2490,3139,18367,Groza,Double XP + 10%,No,Hardpoint,,,,14,,,,,,9,2
Raid,Hijacked,Raid,4 to 2,11/06/21,Full,250-189,33,23,3995,5235,26170,Groza,Double XP + 10%,No,Hardpoint,,,,19,,,,,,32,2
,,Rush,,11/06/21,Full,250-27,18,9,2845,2535,16030,Groza,Double XP + 10%,No,Hardpoint,,,,12,,,,,,47,2
,,Standoff,,11/06/21,Full,250-104,25,14,3755,3182,20183,Groza,Double XP + 10%,No,Hardpoint,,,,14,,,,,,51,1
Diesel,Satellite,Deisel,4 to 0,11/06/21,Full,250-183,26,30,2950,3834,21160,Groza,Double XP + 10%,No,Hardpoint,,,,14,,,,,,25,2
,,Yamantau,,11/07/21,Partial,235-250,18,31,2780,2734,8933,Groza,10% Boost,No,Hardpoint,,,,11,,,,,,6,1
Cartel,Slums,Slums,3 to 0,11/07/21,Full,250-179,26,30,2185,3464,19924,Groza,Double XP + 10%,No,Hardpoint,,,,11,,,,,,31,1
Zoo,Armada Strike,Zoo,3 to 0,11/07/21,Full,205-250,34,31,4460,4977,23212,Groza,Double XP + 10%,No,Hardpoint,,,,26,,,,,,57,1
Echelon,The Pines,The Pines,2 to 0,11/07/21,Full,232-250,37,32,4100,5435,32015,Groza,Double XP + 10%,No,Hardpoint,,,,23,,,,,,9,2
Slums,Express,Slums,1 to 1,11/07/21,Full,157-250,27,29,3440,3987,22417,Groza,Double XP + 10%,No,Hardpoint,,,,19,,,,,,49,1
,,Diesel,,11/13/21,Partial,250-27,17,11,1885,2089,7799,Groza,10% Boost,No,Hardpoint,,,,9,,,,,,9,2
Collateral Strike,Garrison,Garrison,2 to 0,11/13/21,Full,233-250,40,11,4535,5068,25634,Groza,Double XP + 10%,No,Hardpoint,,,,26,,,,,,21,2
Miami Strike,Crossroads Strike,Crossroads Strike,2 to 0,11/13/21,Full,142-250,25,32,2960,3934,14884,Groza,Double XP + 10%,No,Hardpoint,,,,19,,,,,,59,0
The Pines,Amerika,The Pines,2 to 2,11/13/21,Full,250-138,21,22,2675,2900,24775,Groza,Double XP + 10%,No,Hardpoint,,,,17,,,,,,23,2
Collateral Strike,Standoff,Standoff,2 to 0,11/13/21,Full,237-250,28,26,3665,3747,14063,Groza,Double XP + 10%,No,Hardpoint,,,,17,,,,,,34,2
Drive-in,Diesel,Diesel,3 to 2,11/13/21,Full,250-138,43,18,6040,5065,34422,Groza,Double XP + 10%,No,Hardpoint,,,,29,,,,,,27,2
Nuketown '84,Checkmate,Checkmate,3 to 1,11/14/21,Full,223-250,34,26,4490,4366,32108,Groza,Double XP + 10%,No,Hardpoint,,,,17,,,,,,7,2
Rush,Moscow,Moscow,3 to 1,11/14/21,Full,250-206,34,17,3425,4307,28141,Groza,Double XP + 10%,No,Hardpoint,,,,19,,,,,,47,2
Armada Strike,Satellite,Satellite,4 to 0,11/14/21,Full,215-250,20,22,1995,2439,19902,Groza,Double XP + 10%,No,Hardpoint,,,,10,,,,,,7,2
Miami Strike,Zoo,Zoo,2 to 0,11/14/21,Full,228-250,54,26,6400,7232,30791,Groza,Double XP + 10%,No,Hardpoint,,,,29,,,,,,31,1
,,,,11/20/21,Partial,127-250,15,17,2855,2012,13692,AUG,10% Boost,No,Hardpoint,,,,9,,,,,,6,1
,,Slums,,11/20/21,Full,64-250,13,22,1975,1567,8440,AUG,10% Boost,No,Hardpoint,,,,8,,,,,,30,0
Collateral Striek,Rush,Collateral Strike,2 to 1,11/20/21,Full,226-250,12,32,1730,1396,10690,AUG,10% Boost,No,Hardpoint,,,,6,,,,,,38,2
Hijacked,Diesel,Diesel,2 to 1,11/20/21,Full,204-250,22,29,2125,2980,25035,AUG,Double XP + 10%,No,Hardpoint,,,,17,,,,,,39,1
,,Raid,,11/25/21,Partial,250-179,24,9,4310,2608,23817,MG 82,Double XP + 10%,No,Hardpoint,,,,9,,,,,,30,1
Express,The Pines,Express,2 to 0,11/25/21,Full,156-250,29,14,4270,3194,22746,MG 82,Double XP + 10%,No,Hardpoint,,,,17,,,,,,7,1
Moscow,Miami Strike,Moscow,3 to 2,11/25/21,Full,250-76,31,9,4260,4251,18824,MG 82,Double XP + 10%,No,Hardpoint,,,,19,,,,,,34,2
Apocalypse,Deprogram,Apocalypse,2 to 0,11/25/21,Full,250-187,28,29,2700,3464,23444,MG 82,Double XP + 10%,No,Hardpoint,,,,16,,,,,,30,1
,,Drive-in,,11/25/21,Partial,172-250,20,29,2695,2882,19416,AUG,Double XP + 10%,No,Hardpoint,,,,10,,,,,,24,1
Rush ,The Pines,Rush,2 to 0,11/25/21,Full,250-77,18,13,4125,2104,19515,AUG,Double XP + 10%,No,Hardpoint,,,,13,,,,,,5,2
Hijacked,Amerika,Hijacked,3 to 3,11/25/21,Full,250-42,13,13,2285,1824,13492,AUG,Double XP + 10%,No,Hardpoint,,,,9,,,,,,11,3
Cartel,Garrison,Garrison,3 to 0,11/25/21,Full,250-155,11,19,2890,1959,20386,AUG,Double XP + 10%,No,Hardpoint,,,,5,,,,,,46,3
The Pines,Deprogram,The Pines,1 to 0,11/25/21,Full,103-250,16,21,2750,2565,15283,AUG,Double XP + 10%,No,Hardpoint,,,,13,,,,,,38,0
Drive-in,Standoff,Drive-in,2 to 0,11/25/21,Full,86-250,17,20,2540,2274,20932,AUG,Double XP + 10%,No,Hardpoint,,,,10,,,,,,45,0
Collateral Strike,Echelon,Collateral Strike,3 to 2,11/25/21,,,,,,,,,,No,Hardpoint,,,,,,,,,,,
,,Yamantau,,11/25/21,Partial,250-89,20,9,3295,2610,21931,AUG,Double XP + 10%,No,Hardpoint,,,,6,,,,,,36,1
Cartel,Rush,Rush,5 to 4,11/25/21,Full,219-250,15,25,2320,2387,17611,AUG,Double XP + 10%,No,Hardpoint,,,,13,,,,,,33,1
Moscow,Rush,Moscow,3 to 0,11/25/21,Full,219-250,45,18,6305,6127,24783,AUG,Double XP + 10%,No,Hardpoint,,,,31,,,,,,0,2
Hijacked,Echelon,Hijacked,3 to 0,11/25/21,Full,250-218,28,25,2410,3872,27944,AUG,Double XP + 10%,No,Hardpoint,,,,18,,,,,,16,2
,,The Pines,,11/26/21,Full,250-208,19,27,2350,2534,26714,Milano 821,Double XP + 10%,No,Hardpoint,,,,10,,,,,,38,1
Zoo,Apocalypse,Zoo,2 to 0,11/26/21,Full,151-250,20,29,2040,2871,21154,Milano 821,Double XP + 10%,No,Hardpoint,,,,10,,,,,,29,1
,,Rush,,11/26/21,Full,250-124,40,20,4730,4498,26239,Milano 821,Double XP + 10%,No,Hardpoint,,,,26,,,,,,21,2
Deprogram,Miami Strike,Deprogram,2 to 2,11/26/21,Full,250-237,28,32,4450,4318,34938,Milano 821,Double XP + 10%,No,Hardpoint,,,,16,,,,,,38,1
Nuketown '84,Satellite,Nuketown '84,4 to 1,11/26/21,Full,105-250,35,28,4375,5021,22716,Milano 821,Double XP + 10%,No,Hardpoint,,,,22,,,,,,38,0
Collateral Strike,Yamantau,Collateral Strike,4 to 3,11/26/21,Full,250-229,60,30,8160,8227,45310,Milano 821,Double XP + 10%,No,Hardpoint,,,,46,,,,,,38,2
Cartel,Raid,Raid,2 to 0,11/26/21,Full,111-250,22,22,3290,3505,21439,Milano 821,Double XP + 10%,No,Hardpoint,,,,13,,,,,,43,0
Express,Drive-in,Express,2 to 1,11/26/21,Full,250-93,30,12,3670,3951,25079,Milano 821,Double XP + 10%,No,Hardpoint,,,,21,,,,,,40,2
Checkmate,Express,Checkmate,0 to 0,12/03/21,Full,94-250,14,23,1790,2441,14618,MG 82,Double XP + 10%,No,Hardpoint,,,,8,,,,,,28,0
Rush,Cartel,Rush,3 to 0,12/03/21,Full,250-76,16,16,2030,2384,13252,Magnum,Double XP + 10%,No,Hardpoint,,,,8,,,,,,37,1
Nuketown '84,Zoo,Nuketown '84,2 to 1,12/03/21,Full,250-102,20,20,2555,2447,17445,Magnum,Double XP + 10%,No,Hardpoint,,,,11,,,,,,8,2
Amerika,Satellite,Amerika,2 to 1,12/03/21,Full,250-216,29,29,3390,3456,23974,Magnum,Double XP + 10%,No,Hardpoint,,,,14,,,,,,50,1
Express,Miami Strike,Express,2 to 1,12/03/21,Full,250-185,31,20,3810,3082,30458,MG 82,Double XP + 10%,No,Hardpoint,,,,17,,,,,,0,2
,,Armada Strike,,12/04/21,Full,56-250,21,13,2145,2880,15585,MG 82,Double XP + 10%,No,Hardpoint,,,,10,,,,,,21,0
,,Hijacked,,12/04/21,Partial,81-100,10,10,1450,280,9415,MG 82,Double XP + 10%,No,HC - TDM,,,,,,,,,,,
Slums,Checkmate,Slums,4 to 0,12/04/21,Full,100-69,27,11,5215,729,22786,MG 82,Double XP + 10%,No,HC - TDM,,,,,,,,,,,
Standoff,Deprogram,Standoff,2 to 2,12/04/21,Full,78-91,21,13,4615,568,18316,MG 82,Double XP + 10%,No,HC - TDM,,,,,,,,,,,
The Pines,Collateral Strike,Collateral Strike,3 to 0,12/05/21,Full,100-94,10,12,1455,272,17802,MG 82,Double XP + 10%,No,HC - TDM,,,,,,,,,,,
Zoo,Rush,Zoo,2 to 1,12/05/21,Full,96-100,13,18,1585,405,15482,MG 82,Double XP + 10%,No,HC - TDM,,,,,,,,,,,
Raid,Moscow,Raid,3 to 0,12/05/21,Full,100-88,15,11,3195,471,16645,MG 82,Double XP + 10%,No,HC - TDM,,,,,,,,,,,
Drive-in,Express,Express,3 to 1,12/05/21,Full,100-97,13,19,2005,395,9237,MG 82,10% Boost,No,HC - TDM,,,,,,,,,,,
Satellite,Echelon,Satellite,4 to 3,12/05/21,Full,100-94,19,10,4210,516,23452,MG 82,Double XP + 10%,No,HC - TDM,,,,,,,,,,,
Drive-in,Diesel,Drive-in,2 to 2,12/05/21,Full,100-92,22,15,3250,632,26407,MG 82,Double XP + 10%,No,HC - TDM,,,,,,,,,,,
Yamantau,Crossroads Strike,Crossroads Strike,5 to 0,12/05/21,Full,100-85,15,14,3420,407,15218,MG 82,Double XP + 10%,No,HC - TDM,,,,,,,,,,,
Echelon,Cartel,Echelon,3 to 1,12/05/21,Full,100-54,20,10,5430,549,23150,MG 82,Double XP + 10%,No,HC - TDM,,,,,,,,,,,
Rush,Slums,Slums,3 to 2,12/05/21,Full,82-100,17,20,3485,475,18027,MG 82,Double XP + 10%,No,HC - TDM,,,,,,,,,,,
Hijacked,Nuketown '84,Nuketown '84,3 to 1,12/05/21,Full,85-100,11,18,2590,323,10935,MG 82,Double XP + 10%,Yes,HC - TDM,,,,,,,,,,,
Zoo,Armada Strike,Armada Strike,2 to 1,12/05/21,Full,98-98,22,19,4660,573,21297,MG 82,Double XP + 10%,No,HC - TDM,,,,,,,,,,,